model_name,model_slug,provider,provider_slug,aa_id,aa_intelligence_index,aa_coding_index,aa_math_index,composite_benchmark,mmlu_pro,gpqa_diamond,humanitys_last_exam,livecodebench,scicode,math_500,aime_2025,input_cost_usd_per_1m,output_cost_usd_per_1m,blended_cost_usd_per_1m,pricing_tier,output_tokens_per_second,time_to_first_token_s,time_to_first_answer_s,chatbot_arena_elo,arena_elo_ci95,arena_votes,parameter_count,release_year,is_open_source,intelligence_per_dollar,price_performance_ratio,elo_benchmark_blend,speed_per_dollar,scrape_date
GPT-5.4 (xhigh),gpt-5-4,OpenAI,openai,a89c4b28-2d8c-456e-88ea-255fb51fd2b6,57.2,57.3,,63.4,,0.92,0.416,,0.566,,,2.5,15.0,5.625,Premium,89.67,159.489,159.489,1466.0,8.0,5618.0,500.0,2026.0,False,10.17,33.53,80.68,15.94,2026-03-31
Gemini 3.1 Pro Preview,gemini-3-1-pro-preview,Google,google,bbd93ebe-80da-4594-bb19-61e69d0331df,57.2,55.5,,65.9,,0.941,0.447,,0.589,,,2.0,12.0,4.5,Mid,120.21,36.314,36.314,1493.0,6.0,15809.0,,2026.0,False,12.71,38.66,96.02,26.71,2026-03-31
GPT-5.3 Codex (xhigh),gpt-5-3-codex,OpenAI,openai,59b5b14b-5365-4ee7-824a-18a8e6309644,54.0,53.1,,61.53,,0.915,0.399,,0.532,,,1.75,14.0,4.813,Mid,91.49,75.312,75.312,,,,500.0,2026.0,False,11.22,34.96,,19.01,2026-03-31
"Claude Opus 4.6 (Adaptive Reasoning, Max Effort)",claude-opus-4-6-adaptive,Anthropic,anthropic,53c98840-47af-49aa-94e6-469fb17e9a1b,53.0,48.1,,59.4,,0.896,0.367,,0.519,,,5.0,25.0,10.0,Premium,60.57,14.091,14.091,,,,,2025.0,False,5.3,24.77,,6.06,2026-03-31
"Claude Sonnet 4.6 (Adaptive Reasoning, Max Effort)",claude-sonnet-4-6-adaptive,Anthropic,anthropic,df8d14e0-3997-4e4d-b4ad-9c047acc9c69,51.7,50.9,,54.77,,0.875,0.3,,0.468,,,3.0,15.0,6.0,Premium,77.39,39.351,39.351,,,,,2025.0,False,8.62,28.14,,12.9,2026-03-31
GPT-5.2 (xhigh),gpt-5-2,OpenAI,openai,498862c3-f9ac-49d2-852f-16a02bb0c38f,51.3,48.7,99.0,70.82,0.874,0.903,0.354,0.889,0.521,,,1.75,14.0,4.813,Mid,86.25,120.023,120.023,1440.0,5.0,23341.0,500.0,2026.0,False,10.66,40.24,60.29,17.92,2026-03-31
GLM-5 (Reasoning),glm-5,Z AI,zai,40663ad2-b218-471e-bdd4-a1e0c2360e2b,49.8,44.2,,51.8,,0.82,0.272,,0.462,,,1.0,3.2,1.55,Mid,65.54,0.909,48.283,1456.0,6.0,11101.0,1200.0,2026.0,True,32.13,55.34,67.95,42.29,2026-03-31
Claude Opus 4.5 (Reasoning),claude-opus-4-5-thinking,Anthropic,anthropic,2660d74f-ce79-48a8-8b53-6e668e2071a2,49.7,47.8,91.3,68.22,0.895,0.866,0.284,0.871,0.495,,,5.0,25.0,10.0,Premium,59.37,12.055,12.055,,,,,2025.0,False,4.97,28.45,,5.94,2026-03-31
MiniMax-M2.7,minimax-m2-7,MiniMax,minimax,4bbceacb-cf47-464b-b60f-e1d1fe016d67,49.6,41.9,,54.17,,0.874,0.281,,0.47,,,0.3,1.2,0.525,Mid,45.73,1.656,55.493,,,,400.0,2026.0,True,94.48,128.36,,87.11,2026-03-31
MiMo-V2-Pro,mimo-v2-pro,Xiaomi,xiaomi,5d8183dc-24f4-46c5-a1d0-d937de149364,49.2,41.4,,52.6,,0.87,0.283,,0.425,,,1.0,3.0,1.5,Mid,,,,1446.0,8.0,4794.0,70.0,2026.0,False,32.8,57.41,61.7,,2026-03-31
GPT-5.2 Codex (xhigh),gpt-5-2-codex,OpenAI,openai,019e86f6-e66b-42d8-8a50-235a06b53003,49.0,43.0,,59.33,,0.899,0.335,,0.546,,,1.75,14.0,4.813,Mid,125.88,9.125,9.125,,,,500.0,2026.0,False,10.18,33.71,,26.15,2026-03-31
Grok 4.20 Beta 0309 (Reasoning),grok-4-20,xAI,xai,04787c2b-0751-4269-8029-075b727d7aed,48.5,42.2,,54.4,,0.885,0.3,,0.447,,,2.0,6.0,3.0,Mid,241.81,14.306,14.306,1483.0,8.0,5702.0,500.0,2026.0,False,16.17,39.24,82.06,80.6,2026-03-31
Gemini 3 Pro Preview (high),gemini-3-pro,Google,google,d1122eff-ee85-4fdc-8a9f-23bee6590667,48.4,46.5,95.7,73.12,0.898,0.908,0.372,0.917,0.561,,,2.0,12.0,4.5,Mid,125.82,37.405,37.405,1486.0,4.0,41631.0,600.0,2026.0,False,10.76,42.89,83.66,27.96,2026-03-31
GPT-5.4 mini (xhigh),gpt-5-4-mini,OpenAI,openai,ba242e40-83b7-4cd3-a0e0-b56237984914,48.1,51.5,,54.67,,0.875,0.266,,0.499,,,0.75,4.5,1.688,Mid,205.98,6.178,6.178,1454.0,11.0,2860.0,500.0,2026.0,False,28.5,55.29,65.2,122.03,2026-03-31
GPT-5.1 (high),gpt-5-1,OpenAI,openai,4dc12a38-b18f-4c43-8e1b-678f8434b5b1,47.7,44.7,94.0,66.18,0.87,0.873,0.265,0.868,0.433,,,1.25,10.0,3.438,Mid,101.64,38.636,38.636,1439.0,4.0,43858.0,500.0,2026.0,False,13.87,44.41,56.29,29.56,2026-03-31
GLM-5-Turbo,glm-5-turbo,Z AI,zai,149096f3-57b7-4413-80c2-a2c010a2995a,46.8,36.8,,51.23,,0.847,0.254,,0.436,,,,,,Unknown,,,,,,,1200.0,2026.0,True,,,,,2026-03-31
Kimi K2.5 (Reasoning),kimi-k2-5,Kimi,kimi,a550ffca-f89e-4381-ade6-a85dc6a1fb4c,46.8,39.5,,55.43,,0.879,0.294,,0.49,,,0.6,3.0,1.2,Mid,35.58,1.496,57.713,1454.0,5.0,17271.0,,,True,39.0,70.31,63.96,29.65,2026-03-31
GPT-5.2 (medium),gpt-5-2-medium,OpenAI,openai,84e3f11e-d659-4941-8988-1dbfabbaf538,46.6,44.2,96.7,66.56,0.859,0.864,0.249,0.894,0.462,,,1.75,14.0,4.813,Mid,,,,,,,500.0,2026.0,False,9.68,37.82,,,2026-03-31
"Claude Opus 4.6 (Non-reasoning, High Effort)",claude-opus-4-6,Anthropic,anthropic,4386585e-71b4-4a0c-8a63-afb333419cd6,46.5,47.6,,49.43,,0.84,0.186,,0.457,,,5.0,25.0,10.0,Premium,52.5,1.638,1.638,1500.0,6.0,13553.0,,2025.0,False,4.65,20.62,89.81,5.25,2026-03-31
Gemini 3 Flash Preview (Reasoning),gemini-3-flash-reasoning,Google,google,7c73c3be-7f51-4d14-bec8-d5789488df25,46.4,42.6,97.0,70.98,0.89,0.898,0.347,0.908,0.506,,,0.5,3.0,1.125,Mid,193.3,6.475,6.475,,,,200.0,2026.0,False,41.24,94.17,,171.82,2026-03-31
Qwen3.5 397B A17B (Reasoning),qwen3-5-397b-a17b,Alibaba,alibaba,0e66bae9-41f1-42fc-9276-ce8cb6f72919,45.0,41.3,,52.87,,0.893,0.273,,0.42,,,0.6,3.6,1.35,Mid,55.01,1.44,59.352,1450.0,6.0,11497.0,397.0,2026.0,True,33.33,61.87,59.97,40.75,2026-03-31
GPT-5 Codex (high),gpt-5-codex,OpenAI,openai,5d11e7a1-4f70-4e5a-9364-e193761d6757,44.6,38.9,98.7,64.14,0.865,0.837,0.256,0.84,0.409,,,1.25,10.0,3.438,Mid,212.21,8.223,8.223,,,,500.0,2026.0,False,12.97,43.04,,61.72,2026-03-31
GPT-5 (high),gpt-5,OpenAI,openai,48e50f00-1fd1-4acc-b337-61078aa341e6,44.6,36.0,94.3,74.51,0.871,0.854,0.265,0.846,0.429,0.994,0.957,1.25,10.0,3.438,Mid,107.79,82.02,82.02,1434.0,5.0,32259.0,500.0,2026.0,False,12.97,50.0,50.5,31.35,2026-03-31
GPT-5.4 nano (xhigh),gpt-5-4-nano,OpenAI,openai,d4fc3f33-f2b0-4da1-88ee-f1f82bd4de31,44.4,43.9,,51.7,,0.817,0.265,,0.469,,,0.2,1.25,0.463,Budget,175.32,3.029,3.029,,,,500.0,2026.0,False,95.9,135.88,,378.67,2026-03-31
"Claude Sonnet 4.6 (Non-reasoning, High Effort)",claude-sonnet-4-6,Anthropic,anthropic,2e40e695-3cec-43da-83f9-615af30b8e91,44.4,46.4,,46.67,,0.799,0.132,,0.469,,,3.0,15.0,6.0,Premium,55.6,1.326,1.326,1463.0,6.0,11064.0,,2025.0,False,7.4,23.98,66.79,9.27,2026-03-31
KAT Coder Pro V2,kat-coder-pro-v2,KwaiKAT,kwaikat,fc4223e8-4586-4ca1-97ca-bb55ff586947,43.8,45.6,,46.6,,0.855,0.16,,0.383,,,0.3,1.2,0.525,Mid,110.62,1.846,1.846,,,,,,True,83.43,110.43,,210.7,2026-03-31
MiMo-V2-Omni,mimo-v2-omni,Xiaomi,xiaomi,94d09368-9035-47cf-963a-b4310b433a16,43.4,35.5,,46.47,,0.828,0.199,,0.367,,,,,,Unknown,,,,,,,70.0,2026.0,True,,,,,2026-03-31
GPT-5.1 Codex (high),gpt-5-1-codex,OpenAI,openai,04d023f3-025c-4d78-9571-53edda3eaf2a,43.1,36.6,95.7,64.1,0.86,0.86,0.234,0.849,0.402,,,1.25,10.0,3.438,Mid,154.52,5.207,5.207,,,,500.0,2026.0,False,12.54,43.01,,44.94,2026-03-31
Claude Opus 4.5 (Non-reasoning),claude-opus-4-5,Anthropic,anthropic,4077490a-bbfb-404e-979a-a97a20e3b5de,43.1,42.9,62.7,60.72,0.889,0.81,0.129,0.738,0.47,,,5.0,25.0,10.0,Premium,63.99,1.098,1.098,1474.0,4.0,37448.0,,2025.0,False,4.31,25.32,71.8,6.4,2026-03-31
Claude 4.5 Sonnet (Reasoning),claude-4-5-sonnet-thinking,Anthropic,anthropic,90e078f2-051b-4c63-8919-76618971cb3f,43.0,38.6,88.0,60.86,0.875,0.834,0.173,0.714,0.447,,,3.0,15.0,6.0,Premium,60.01,7.955,7.955,,,,,,False,7.17,31.28,,10.0,2026-03-31
"Claude Sonnet 4.6 (Non-reasoning, Low Effort)",claude-sonnet-4-6-non-reasoning-low-effort,Anthropic,anthropic,f2e21112-192e-4aed-ae82-68ca3b38e667,42.6,43.0,,44.87,,0.797,0.108,,0.441,,,3.0,15.0,6.0,Premium,56.16,1.284,1.284,,,,,2025.0,False,7.1,23.06,,9.36,2026-03-31
Qwen3.5 27B (Reasoning),qwen3-5-27b,Alibaba,alibaba,169e47f5-3d4d-4ad4-8f8b-ab46f0c73f67,42.1,34.9,,49.17,,0.858,0.222,,0.395,,,0.3,2.4,0.825,Mid,90.48,1.307,23.412,,,,27.0,2026.0,True,51.03,81.73,,109.67,2026-03-31
GLM-4.7 (Reasoning),glm-4-7,Z AI,zai,6fc35842-0165-44cf-8570-c484a92b3d8c,42.1,36.3,95.0,66.22,0.856,0.859,0.251,0.894,0.451,,,0.6,2.2,1.0,Mid,81.13,0.69,25.343,1443.0,6.0,12201.0,,,True,42.1,95.54,53.23,81.13,2026-03-31
GPT-5 (medium),gpt-5-medium,OpenAI,openai,5e965af0-ca5c-4f47-9ba9-06000508b84a,42.0,39.0,91.7,70.94,0.867,0.842,0.235,0.703,0.411,0.991,0.917,1.25,10.0,3.438,Mid,110.14,39.565,39.565,,,,500.0,2026.0,False,12.22,47.61,,32.03,2026-03-31
Claude 4.1 Opus (Reasoning),claude-4-1-opus-thinking,Anthropic,anthropic,ccbfa8c3-a762-480b-aade-34fb9697f98c,42.0,36.5,80.3,57.42,0.88,0.809,0.119,0.654,0.409,,,15.0,75.0,30.0,Ultra,40.89,8.186,8.186,,,,,,False,1.4,16.72,,1.36,2026-03-31
MiniMax-M2.5,minimax-m2-5,MiniMax,minimax,12adec16-19fe-4d92-aeff-5ef3eb7e780a,41.9,37.4,,48.83,,0.848,0.191,,0.426,,,0.3,1.2,0.525,Mid,46.69,1.457,44.29,,,,350.0,2026.0,True,79.81,115.72,,88.94,2026-03-31
DeepSeek V3.2 (Reasoning),deepseek-v3-2-reasoning,DeepSeek,deepseek,d621247c-d47e-458c-82cb-a166bc3b37e5,41.7,36.7,92.0,63.5,0.862,0.84,0.222,0.862,0.389,,,0.28,0.42,0.315,Budget,34.94,1.038,58.277,,,,671.0,2025.0,True,132.38,231.89,,110.92,2026-03-31
Qwen3.5 122B A10B (Reasoning),qwen3-5-122b-a10b,Alibaba,alibaba,2236df45-0699-40d1-b5cc-69ee345d2257,41.6,34.7,,50.37,,0.857,0.234,,0.42,,,0.4,3.2,1.1,Mid,148.17,0.995,14.493,1418.0,7.0,8124.0,122.0,2026.0,True,37.82,67.89,38.55,134.7,2026-03-31
MiMo-V2-Flash (Feb 2026),mimo-v2-0206,Xiaomi,xiaomi,1479f50b-d37f-4b55-bb8b-4212a15042eb,41.5,33.5,,47.27,,0.835,0.2,,0.383,,,0.1,0.3,0.15,Budget,122.38,1.607,17.949,,,,70.0,2026.0,True,276.67,338.19,,815.9,2026-03-31
Grok 4,grok-4,xAI,xai,5ea94a4a-55ac-4ea1-8898-2b3971e94af6,41.5,40.5,92.7,74.16,0.866,0.877,0.239,0.819,0.457,0.99,0.943,3.0,15.0,6.0,Premium,56.28,8.428,8.428,1483.0,8.0,5702.0,500.0,2026.0,False,6.92,38.11,75.39,9.38,2026-03-31
Gemini 3 Pro Preview (low),gemini-3-pro-low,Google,google,b2f3191f-77d6-4155-8be6-330f0baa1ae5,41.3,39.4,86.7,68.28,0.895,0.887,0.276,0.857,0.499,,,2.0,12.0,4.5,Mid,,,,,,,600.0,2026.0,False,9.18,40.05,,,2026-03-31
GPT-5 mini (high),gpt-5-mini,OpenAI,openai,29855680-7469-43eb-8b88-cd3fb1d99da3,41.2,35.3,90.7,61.84,0.837,0.828,0.197,0.838,0.392,,,0.25,2.0,0.688,Mid,83.79,84.832,84.832,,,,50.0,2026.0,False,59.88,118.12,,121.79,2026-03-31
Kimi K2 Thinking,kimi-k2-thinking,Kimi,kimi,bddebfd3-0a8d-47f5-b722-bc4c2ca5a5dc,40.9,34.8,94.7,63.72,0.848,0.838,0.223,0.853,0.424,,,0.6,2.5,1.075,Mid,107.26,0.719,19.366,1430.0,4.0,42603.0,,2026.0,True,38.05,87.29,44.7,99.78,2026-03-31
o3-pro,o3-pro,OpenAI,openai,ca04852c-eaae-4881-a208-f9b2ca3b7cd6,40.7,,,84.5,,0.845,,,,,,20.0,80.0,35.0,Ultra,27.55,77.821,77.821,,,,200.0,2025.0,False,1.16,23.58,,0.79,2026-03-31
GLM-5 (Non-reasoning),glm-5-non-reasoning,Z AI,zai,f164b41f-44c5-4675-bca3-fea1db4bd9ae,40.6,39.0,,37.37,,0.666,0.072,,0.383,,,1.0,3.2,1.55,Mid,61.84,1.115,1.115,,,,1200.0,2026.0,True,26.19,39.92,,39.9,2026-03-31
Qwen3.5 397B A17B (Non-reasoning),qwen3-5-397b-a17b-non-reasoning,Alibaba,alibaba,30ef2a79-e800-4165-9f13-2a338f120db7,40.1,37.4,,48.67,,0.861,0.188,,0.411,,,0.6,3.6,1.35,Mid,57.32,1.441,1.441,,,,397.0,2026.0,True,29.7,56.96,,42.46,2026-03-31
Qwen3 Max Thinking,qwen3-max-thinking,Alibaba,alibaba,806032ff-6252-4c22-ba99-a126e411b7a4,39.9,30.5,,51.8,,0.861,0.262,,0.431,,,1.2,6.0,2.4,Mid,36.6,1.642,56.295,,,,,2026.0,False,16.62,42.33,,15.25,2026-03-31
MiniMax-M2.1,minimax-m2-1,MiniMax,minimax,272ff333-442f-4169-a804-ac9177bc99d7,39.4,32.8,82.7,62.88,0.875,0.83,0.222,0.81,0.407,,,0.3,1.2,0.525,Mid,50.74,1.949,41.366,,,,,2026.0,True,75.05,149.01,,96.65,2026-03-31
GPT-5 (low),gpt-5-low,OpenAI,openai,7f3c9423-3ee3-4369-a6d9-3f2a40aff00e,39.2,30.7,83.0,68.9,0.86,0.808,0.184,0.763,0.391,0.987,0.83,1.25,10.0,3.438,Mid,88.26,9.944,9.944,,,,500.0,2026.0,False,11.4,46.24,,25.67,2026-03-31
MiMo-V2-Flash (Reasoning),mimo-v2-flash-reasoning,Xiaomi,xiaomi,be185709-ddb4-4268-9597-856464359b25,39.2,31.8,96.3,63.24,0.843,0.846,0.211,0.868,0.394,,,0.1,0.3,0.15,Budget,122.46,1.649,17.981,,,,70.0,2026.0,True,261.33,452.48,,816.4,2026-03-31
Claude 4 Opus (Reasoning),claude-4-opus-thinking,Anthropic,anthropic,8a4a5ead-7789-4389-8400-30e9d20370b7,39.0,34.0,73.3,65.13,0.873,0.796,0.117,0.636,0.398,0.982,0.757,15.0,75.0,30.0,Ultra,39.84,7.231,7.231,,,,,,False,1.3,18.97,,1.33,2026-03-31
GPT-5 mini (medium),gpt-5-mini-medium,OpenAI,openai,c3274a19-6d3c-4d01-ab9b-5055a0a40429,38.9,32.9,85.0,57.58,0.828,0.803,0.146,0.692,0.41,,,0.25,2.0,0.688,Mid,77.62,16.948,16.948,,,,50.0,2026.0,False,56.54,109.98,,112.82,2026-03-31
Claude 4 Sonnet (Reasoning),claude-4-sonnet-thinking,Anthropic,anthropic,a7564055-f8ba-4c4b-9e2d-060f61263645,38.7,34.1,74.3,64.77,0.842,0.777,0.096,0.655,0.4,0.991,0.773,3.0,15.0,6.0,Premium,57.11,11.172,11.172,,,,,,False,6.45,33.29,,9.52,2026-03-31
GPT-5.1 Codex mini (high),gpt-5-1-codex-mini,OpenAI,openai,fd4454ff-e703-46c0-a7f5-fa69af09486d,38.6,36.4,91.7,61.28,0.82,0.813,0.169,0.836,0.426,,,0.25,2.0,0.688,Mid,171.56,8.285,8.285,,,,500.0,2026.0,False,56.1,117.05,,249.35,2026-03-31
Grok 4.1 Fast (Reasoning),grok-4-1-fast-reasoning,xAI,xai,23149f9b-c904-43e2-9ec4-afa2bf843941,38.6,30.9,89.3,62.94,0.854,0.853,0.176,0.822,0.442,,,0.2,0.5,0.275,Budget,150.82,11.533,11.533,1431.0,4.0,38588.0,500.0,2026.0,False,140.36,259.07,43.08,548.44,2026-03-31
o3,o3,OpenAI,openai,16c5b637-8bce-4252-81f2-1b87a36a4e4c,38.4,38.4,88.3,71.33,0.853,0.827,0.2,0.808,0.41,0.992,0.903,2.0,8.0,3.5,Mid,115.83,8.443,8.443,1431.0,4.0,60188.0,,2025.0,False,10.97,47.42,42.89,33.1,2026-03-31
GPT-5.4 nano (medium),gpt-5-4-nano-medium,OpenAI,openai,8869f28a-a6ff-487f-8d32-93fe335fdda5,38.1,35.0,,43.07,,0.761,0.147,,0.384,,,0.2,1.25,0.463,Budget,193.49,2.376,2.376,,,,500.0,2026.0,False,82.29,113.19,,417.91,2026-03-31
Step 3.5 Flash,step-3-5-flash,StepFun,stepfun,c8158c23-6fff-4c31-911d-954c32d80c28,37.8,31.6,,47.53,,0.831,0.191,,0.404,,,0.1,0.3,0.15,Budget,96.23,4.45,25.234,,,,,2025.0,True,252.0,340.1,,641.52,2026-03-31
GPT-5.4 mini (medium),gpt-5-4-mini-medium,OpenAI,openai,392063ba-c3b5-47e8-ba67-a7b0b34f6824,37.7,37.5,,47.87,,0.823,0.171,,0.442,,,0.75,4.5,1.688,Mid,213.34,6.443,6.443,,,,500.0,2026.0,False,22.33,48.41,,126.39,2026-03-31
Kimi K2.5 (Non-reasoning),kimi-k2-5-non-reasoning,Kimi,kimi,ba04694d-326a-4a6a-8f1b-46316f872a7f,37.3,25.8,,43.6,,0.789,0.123,,0.396,,,0.6,3.0,1.2,Mid,32.69,1.426,1.426,,,,,,True,31.08,55.3,,27.24,2026-03-31
Qwen3.5 27B (Non-reasoning),qwen3-5-27b-non-reasoning,Alibaba,alibaba,509e94e3-f1cb-43fb-98ff-e0e9872cfd1f,37.2,33.4,,44.7,,0.842,0.132,,0.367,,,0.3,2.4,0.825,Mid,91.67,1.317,1.317,,,,27.0,2026.0,True,45.09,74.3,,111.12,2026-03-31
Claude 4.5 Haiku (Reasoning),claude-4-5-haiku-reasoning,Anthropic,anthropic,a6340098-d7ae-462d-b372-0a0a67fc44b4,37.1,32.6,83.7,51.54,0.76,0.672,0.097,0.615,0.433,,,1.0,5.0,2.0,Mid,140.23,13.452,13.452,,,,,,False,18.55,46.91,,70.11,2026-03-31
Qwen3.5 35B A3B (Reasoning),qwen3-5-35b-a3b,Alibaba,alibaba,46d8315e-1630-463f-ab62-84185fa0faab,37.1,30.3,,47.3,,0.845,0.197,,0.377,,,0.25,2.0,0.688,Mid,115.5,1.028,18.344,,,,35.0,2026.0,True,53.92,90.35,,167.88,2026-03-31
Claude 4.5 Sonnet (Non-reasoning),claude-4-5-sonnet,Anthropic,anthropic,91cb6144-4937-4e4e-aeda-b4341d355c10,37.1,33.5,37.0,53.52,0.86,0.727,0.071,0.59,0.428,,,3.0,15.0,6.0,Premium,48.6,0.955,0.955,,,,,,False,6.18,27.5,,8.1,2026-03-31
MiniMax-M2,minimax-m2,MiniMax,minimax,f74ea286-cd29-4eb4-af14-1389b19c21e5,36.1,29.2,78.3,58.18,0.82,0.777,0.125,0.826,0.361,,,0.3,1.2,0.525,Mid,48.48,1.611,42.864,,,,,2026.0,True,68.76,137.87,,92.34,2026-03-31
NVIDIA Nemotron 3 Super 120B A12B (Reasoning),nvidia-nemotron-3-super-120b-a12b,NVIDIA,nvidia,63872e9c-3377-4a6b-b477-7bba244c38e9,36.0,31.2,,45.07,,0.8,0.192,,0.36,,,0.3,0.75,0.412,Budget,392.66,0.551,5.645,,,,120.0,2026.0,True,87.38,130.63,,953.05,2026-03-31
Claude 4.1 Opus (Non-reasoning),claude-4-1-opus,Anthropic,anthropic,f2f60e3a-e5f5-4471-acd2-9f2f29c76007,36.0,,,,,,,,,,,15.0,75.0,30.0,Ultra,37.19,1.264,1.264,,,,,,False,1.2,,,1.24,2026-03-31
KAT-Coder-Pro V1,kat-coder-pro-v1,KwaiKAT,kwaikat,fb112343-c82c-4b43-afea-996bd5101d62,36.0,18.3,94.7,60.48,0.813,0.764,0.334,0.747,0.366,,,0.3,1.2,0.525,Mid,54.12,1.143,1.143,,,,,,True,68.57,143.32,,103.09,2026-03-31
Qwen3.5 122B A10B (Non-reasoning),qwen3-5-122b-a10b-non-reasoning,Alibaba,alibaba,021b1b31-d2fc-4653-ab74-c10bd2f41c8e,35.9,31.6,,44.37,,0.827,0.148,,0.356,,,0.4,3.2,1.1,Mid,149.5,0.999,0.999,,,,122.0,2026.0,True,32.64,59.8,,135.91,2026-03-31
Nova 2.0 Pro Preview (medium),nova-2-0-pro-reasoning-medium,Amazon,aws,0d94dc87-12c8-4d4a-8d99-804ce3f17bc2,35.7,30.4,89.0,57.22,0.83,0.785,0.089,0.73,0.427,,,1.25,10.0,3.438,Mid,134.75,21.162,36.004,,,,,,False,10.38,38.4,,39.19,2026-03-31
GPT-5.4 (Non-reasoning),gpt-5-4-non-reasoning,OpenAI,openai,493f6a1e-7717-4e98-9d6f-548b92c4702d,35.4,41.0,,44.17,,0.748,0.106,,0.471,,,2.5,15.0,5.625,Premium,68.31,0.619,0.619,,,,500.0,2026.0,False,6.29,23.36,,12.14,2026-03-31
Grok 4 Fast (Reasoning),grok-4-fast-reasoning,xAI,xai,573bbd93-114c-4b71-9ede-a73a7d4bdf84,35.1,27.4,89.7,62.82,0.85,0.847,0.17,0.832,0.442,,,0.2,0.5,0.275,Budget,135.77,5.047,5.047,,,,500.0,2026.0,False,127.64,258.58,,493.71,2026-03-31
Gemini 3 Flash Preview (Non-reasoning),gemini-3-flash,Google,google,783a0ea2-1eef-422a-8c3d-f6d40d943f54,35.0,37.8,55.7,62.62,0.882,0.812,0.141,0.797,0.499,,,0.5,3.0,1.125,Mid,194.28,1.225,1.225,1474.0,4.0,30962.0,200.0,2026.0,False,31.11,83.08,64.08,172.7,2026-03-31
Claude 3.7 Sonnet (Reasoning),claude-3-7-sonnet-thinking,Anthropic,anthropic,13358187-4584-479c-ab43-5bcdf8f297a4,34.7,27.6,56.3,57.46,0.837,0.772,0.103,0.473,0.403,0.947,0.487,3.0,15.0,6.0,Premium,,,,,,,,,False,5.78,29.53,,,2026-03-31
Gemini 2.5 Pro,gemini-2-5-pro,Google,google,27202e5f-c82d-4710-92e9-4317877d4883,34.6,31.9,87.7,71.43,0.862,0.844,0.211,0.801,0.428,0.967,0.887,1.25,10.0,3.438,Mid,131.01,20.049,20.049,1448.0,3.0,103891.0,,,False,10.06,47.93,48.93,38.11,2026-03-31
GLM-4.7 (Non-reasoning),glm-4-7-non-reasoning,Z AI,zai,81b6ddfc-111e-4422-bd44-42ee6165b699,34.2,32.0,48.0,48.7,0.794,0.664,0.061,0.562,0.354,,,0.55,2.15,0.938,Mid,81.83,0.693,0.693,,,,,,True,36.46,73.6,,87.24,2026-03-31
DeepSeek V3.1 Terminus (Reasoning),deepseek-v3-1-terminus-reasoning,DeepSeek,deepseek,0a7dda4d-cc9c-4a90-abc1-abb5772c901b,33.9,33.7,89.7,59.98,0.851,0.792,0.152,0.798,0.406,,,0.4,2.0,0.8,Mid,,,,,,,671.0,2025.0,True,42.37,102.04,,,2026-03-31
GPT-5.2 (Non-reasoning),gpt-5-2-non-reasoning,OpenAI,openai,6dd8ba55-5680-44a9-b309-82928165d5f0,33.6,34.7,51.0,53.44,0.814,0.712,0.073,0.669,0.404,,,1.75,14.0,4.813,Mid,74.49,0.592,0.592,,,,500.0,2026.0,False,6.98,30.36,,15.48,2026-03-31
Gemini 3.1 Flash-Lite Preview,gemini-3-1-flash-lite-preview,Google,google,598190f8-dc9c-4fea-a7ea-4b81c402ab18,33.5,30.1,,46.77,,0.822,0.162,,0.419,,,0.25,1.5,0.563,Mid,229.86,8.22,8.22,1438.0,6.0,11945.0,,2026.0,False,59.5,104.72,42.2,408.28,2026-03-31
Doubao Seed Code,doubao-seed-code,ByteDance Seed,bytedance_seed,4d6dd5ce-08cb-4e87-9288-1dd2f022aa35,33.5,31.3,79.3,58.48,0.854,0.764,0.133,0.766,0.407,,,,,,Unknown,,,,,,,200.0,2026.0,True,,,,,2026-03-31
gpt-oss-120B (high),gpt-oss-120b,OpenAI,openai,f0083258-8646-45b8-8082-7aaf6c2ea82a,33.3,28.6,93.4,60.84,0.808,0.782,0.185,0.878,0.389,,,0.15,0.6,0.263,Budget,269.93,0.486,7.895,,,,120.0,2026.0,True,126.62,260.57,,1026.36,2026-03-31
o4-mini (high),o4-mini,OpenAI,openai,84b49308-6b93-47aa-a4f6-776ee1a1e8cd,33.1,25.6,90.7,72.06,0.832,0.784,0.175,0.859,0.465,0.989,0.94,1.1,4.4,1.925,Mid,154.2,19.353,19.353,,,,100.0,2026.0,False,17.19,67.14,,80.1,2026-03-31
Claude 4 Opus (Non-reasoning),claude-4-opus,Anthropic,anthropic,504412c2-2ada-499b-aebf-7e0a35c9d286,33.0,,36.3,58.21,0.86,0.701,0.059,0.542,0.409,0.941,0.563,15.0,75.0,30.0,Ultra,39.12,1.231,1.231,,,,,,False,1.1,16.95,,1.3,2026-03-31
Claude 4 Sonnet (Non-reasoning),claude-4-sonnet,Anthropic,anthropic,d034dafe-463d-4c50-956f-84fca657b26f,33.0,30.6,38.0,53.19,0.837,0.683,0.04,0.449,0.373,0.934,0.407,3.0,15.0,6.0,Premium,50.12,1.034,1.034,,,,,,False,5.5,27.33,,8.35,2026-03-31
DeepSeek V3.2 Exp (Reasoning),deepseek-v3-2-reasoning-0925,DeepSeek,deepseek,af134350-8ba3-4629-b56b-00bd6dcf60c4,32.9,33.3,87.7,59.02,0.85,0.797,0.138,0.789,0.377,,,0.28,0.42,0.315,Budget,32.53,1.172,62.645,,,,671.0,2025.0,True,104.44,215.53,,103.29,2026-03-31
Mercury 2,mercury-2,Inception,inception,016d330a-2141-4afa-b2fc-62b314423dc1,32.8,30.6,,43.73,,0.77,0.155,,0.387,,,0.25,0.75,0.375,Budget,905.75,3.497,3.497,,,,,2026.0,True,87.47,137.33,,2415.34,2026-03-31
GLM-4.6 (Reasoning),glm-4-6-reasoning,Z AI,zai,6a5d56e1-bb68-4205-8d9b-26b97888bc84,32.5,29.5,86.0,56.42,0.829,0.78,0.133,0.695,0.384,,,0.575,2.2,0.981,Mid,60.28,0.73,33.907,,,,,,True,33.13,82.53,,61.45,2026-03-31
Qwen3 Max Thinking (Preview),qwen3-max-thinking-preview,Alibaba,alibaba,cbac8c35-e069-4c73-823e-0953e6ed0e85,32.5,24.5,82.3,52.84,0.824,0.776,0.12,0.535,0.387,,,1.2,6.0,2.4,Mid,49.49,1.732,42.145,,,,,2026.0,False,13.54,43.18,,20.62,2026-03-31
Qwen3.5 9B (Reasoning),qwen3-5-9b,Alibaba,alibaba,2d28a13a-096e-475a-beb8-26bbd1c7d51c,32.4,25.3,,40.47,,0.806,0.133,,0.275,,,0.07,0.175,0.096,Budget,111.29,0.344,18.315,,,,9.0,2026.0,True,337.5,441.45,,1159.28,2026-03-31
DeepSeek V3.2 (Non-reasoning),deepseek-v3-2,DeepSeek,deepseek,6d9a176d-feb8-4dac-8872-afe32b31897f,32.1,34.6,59.0,53.46,0.837,0.751,0.105,0.593,0.387,,,0.28,0.42,0.315,Budget,42.44,1.409,1.409,1424.0,4.0,37482.0,671.0,2025.0,True,101.9,195.23,32.91,134.73,2026-03-31
K-EXAONE (Reasoning),k-exaone,LG AI Research,lg,715e05fb-1313-441c-bf1d-8651c752a841,32.1,27.0,90.3,57.52,0.838,0.783,0.131,0.768,0.356,,,,,,Unknown,,,,,,,8.0,2026.0,True,,,,,2026-03-31
Grok 3 mini Reasoning (high),grok-3-mini-reasoning,xAI,xai,ff9bc5e5-a02f-4270-983e-4b3f834f3363,32.1,25.2,84.7,67.96,0.828,0.791,0.111,0.696,0.406,0.992,0.933,0.3,0.5,0.35,Budget,196.87,0.352,10.51,,,,100.0,2025.0,False,91.71,226.44,,562.5,2026-03-31
Nova 2.0 Pro Preview (low),nova-2-0-pro-reasoning-low,Amazon,aws,f4274721-ef28-4121-aa88-8e97267a5a82,31.9,24.5,63.3,53.0,0.822,0.751,0.052,0.638,0.387,,,1.25,10.0,3.438,Mid,151.62,6.389,19.58,,,,,,False,9.28,35.57,,44.1,2026-03-31
Qwen3 Max,qwen3-max,Alibaba,alibaba,7ae943a9-9310-4472-a834-c61f0ab68485,31.4,26.4,80.7,57.32,0.841,0.764,0.111,0.767,0.383,,,1.2,6.0,2.4,Mid,32.82,1.691,1.691,1435.0,5.0,27958.0,,2026.0,False,13.08,46.84,38.5,13.67,2026-03-31
Claude 4.5 Haiku (Non-reasoning),claude-4-5-haiku,Anthropic,anthropic,c2b1e769-7aee-4669-8076-73918bdebf6c,31.1,29.6,39.0,46.88,0.8,0.646,0.043,0.511,0.344,,,1.0,5.0,2.0,Mid,116.7,0.461,0.461,,,,,,False,15.55,42.67,,58.35,2026-03-31
Gemini 2.5 Flash Preview (Sep '25) (Reasoning),gemini-2-5-flash-preview-09-2025-reasoning,Google,google,c7667559-d9b6-43f1-8cd8-8bdbc78d190b,31.1,24.6,78.3,57.6,0.842,0.793,0.127,0.713,0.405,,,,,,Unknown,,,,,,,,,False,,,,,2026-03-31
Kimi K2 0905,kimi-k2-0905,Kimi,kimi,66445f84-b2e3-4202-afdc-92ba0f0e5f36,30.9,25.9,57.3,51.32,0.819,0.767,0.063,0.61,0.307,,,0.8,2.25,1.137,Mid,68.41,0.595,0.595,1418.0,6.0,11873.0,,,True,27.18,67.58,28.36,60.17,2026-03-31
o1,o1,OpenAI,openai,5ad2f60f-ee05-49fd-85a0-cef69aa7cb7b,30.8,20.5,,62.79,0.841,0.747,0.077,0.679,0.358,0.97,0.723,15.0,60.0,26.25,Premium,117.14,25.396,25.396,,,,200.0,2024.0,False,1.17,19.0,,4.46,2026-03-31
Claude 3.7 Sonnet (Non-reasoning),claude-3-7-sonnet,Anthropic,anthropic,d925845d-39ad-4de3-8495-f176b79828c0,30.8,26.7,21.0,47.86,0.803,0.656,0.048,0.394,0.376,0.85,0.223,3.0,15.0,6.0,Premium,,,,,,,,,False,5.13,24.59,,,2026-03-31
Qwen3.5 35B A3B (Non-reasoning),qwen3-5-35b-a3b-non-reasoning,Alibaba,alibaba,eebfef01-709e-4ffe-b72f-0db75ef2434b,30.7,16.8,,41.33,,0.819,0.128,,0.293,,,0.25,2.0,0.688,Mid,136.77,1.021,1.021,,,,35.0,2026.0,True,44.62,78.95,,198.8,2026-03-31
MiMo-V2-Flash (Non-reasoning),mimo-v2-flash,Xiaomi,xiaomi,82b36b4d-84dd-4bc0-ad32-e3aee9442789,30.4,25.8,67.7,42.82,0.744,0.656,0.08,0.402,0.259,,,0.1,0.3,0.15,Budget,127.93,1.471,1.471,,,,70.0,2026.0,True,202.67,306.38,,852.85,2026-03-31
Gemini 2.5 Pro Preview (Mar' 25),gemini-2-5-pro-03-25,Google,google,62de31e8-a1a3-429c-b634-a2afccfd9363,30.3,46.7,,69.83,0.858,0.836,0.171,0.778,0.395,0.98,0.87,,,,Unknown,,,,,,,,,False,,,,,2026-03-31
GLM-4.6 (Non-reasoning),glm-4-6,Z AI,zai,946e7aab-db1c-4c3f-b0b3-7720d0cff187,30.2,30.2,44.3,47.2,0.784,0.632,0.052,0.561,0.331,,,0.6,2.2,1.0,Mid,73.0,1.186,1.186,1426.0,4.0,35981.0,,,True,30.2,68.1,32.24,73.0,2026-03-31
GLM-4.7-Flash (Reasoning),glm-4-7-flash,Z AI,zai,2c4394a2-b443-470a-908e-5c4a271b780c,30.1,25.9,,32.97,,0.581,0.071,,0.337,,,0.07,0.4,0.152,Budget,89.07,0.617,23.071,,,,,,True,198.03,232.98,,585.99,2026-03-31
Nova 2.0 Lite (medium),nova-2-0-lite-reasoning-medium,Amazon,aws,fbdf8da1-b341-448c-b3cb-8aff1d8f70b9,29.7,23.9,88.7,53.96,0.813,0.768,0.086,0.663,0.368,,,0.3,2.5,0.85,Mid,207.7,15.941,25.57,,,,,,False,34.94,87.71,,244.36,2026-03-31
Grok 4.20 Beta 0309 (Non-reasoning),grok-4-20-non-reasoning,xAI,xai,523125f4-a1da-4990-9abd-dd08a069100e,29.7,25.4,,44.4,,0.785,0.225,,0.322,,,2.0,6.0,3.0,Mid,184.76,0.308,0.308,,,,500.0,2026.0,False,9.9,32.03,,61.59,2026-03-31
Gemini 2.5 Pro Preview (May' 25),gemini-2-5-pro-05-06,Google,google,073b5329-c4b3-4f1f-8f97-4753aadf4398,29.5,,,68.97,0.837,0.822,0.154,0.77,0.416,0.986,0.843,1.25,10.0,3.438,Mid,,,,,,,,,False,8.58,46.28,,,2026-03-31
Qwen3 235B A22B 2507 (Reasoning),qwen3-235b-a22b-instruct-2507-reasoning,Alibaba,alibaba,f6ccbe1d-bd7e-484b-9795-18cc9f91552d,29.5,23.2,91.0,70.27,0.843,0.79,0.15,0.788,0.424,0.984,0.94,0.7,8.4,2.625,Mid,45.32,1.347,45.479,,,,235.0,2026.0,True,11.24,54.56,,17.26,2026-03-31
DeepSeek V3.2 Speciale,deepseek-v3-2-speciale,DeepSeek,deepseek,527e943a-adc6-4e69-93af-d1608e1b5fed,29.4,37.9,96.7,66.62,0.863,0.871,0.261,0.896,0.44,,,,,,Unknown,,,,,,,671.0,2025.0,True,,,,,2026-03-31
ERNIE 5.0 Thinking Preview,ernie-5-0-thinking-preview,Baidu,baidu,a518a64b-e337-48f3-85a1-ba7dc0e8f961,29.1,29.2,85.0,58.42,0.83,0.777,0.127,0.812,0.375,,,,,,Unknown,,,,,,,300.0,2026.0,True,,,,,2026-03-31
Grok Code Fast 1,grok-code-fast-1,xAI,xai,a06bd3fc-86db-4a8e-ae6d-7459444d08c9,28.7,23.7,43.3,52.28,0.793,0.727,0.075,0.657,0.362,,,0.2,1.5,0.525,Mid,226.09,3.33,3.33,,,,,,False,54.67,123.89,,430.65,2026-03-31
DeepSeek V3.1 Terminus (Non-reasoning),deepseek-v3-1-terminus,DeepSeek,deepseek,dfb9292d-bc7c-4425-a260-4256217e709f,28.5,31.9,53.7,50.42,0.836,0.751,0.084,0.529,0.321,,,0.335,1.5,0.626,Mid,,,,1416.0,10.0,3724.0,671.0,2025.0,True,45.53,103.72,24.94,,2026-03-31
DeepSeek V3.2 Exp (Non-reasoning),deepseek-v3-2-0925,DeepSeek,deepseek,07c35e00-2b12-44c8-91cc-408629cd569e,28.4,30.0,57.7,52.26,0.836,0.738,0.086,0.554,0.399,,,0.28,0.42,0.315,Budget,35.3,1.305,1.305,,,,671.0,2025.0,True,90.16,190.84,,112.07,2026-03-31
Apriel-v1.5-15B-Thinker,apriel-v1-5-15b-thinker,ServiceNow,servicenow,ac1031bc-c53e-4af7-9c6e-2005e0ff44fa,28.3,18.7,87.5,53.64,0.773,0.713,0.12,0.728,0.348,,,0.0,0.0,0.0,Free,147.21,0.165,13.751,,,,15.0,2026.0,True,,,,,2026-03-31
Qwen3 Coder Next,qwen3-coder-next,Alibaba,alibaba,fc92f822-04b7-420d-9c07-a21af5e9aac7,28.3,22.9,,38.43,,0.737,0.093,,0.323,,,0.35,1.2,0.6,Mid,161.71,0.988,0.988,,,,,2026.0,True,47.17,81.77,,269.52,2026-03-31
DeepSeek V3.1 (Non-reasoning),deepseek-v3-1,DeepSeek,deepseek,fb65266f-5a7d-403c-85d5-ccdf0d1ca838,28.1,28.4,49.7,51.5,0.833,0.735,0.063,0.577,0.367,,,0.56,1.68,0.84,Mid,,,,1418.0,6.0,15080.0,671.0,2025.0,True,33.45,84.46,25.69,,2026-03-31
Nova 2.0 Omni (medium),nova-2-0-omni-reasoning-medium,Amazon,aws,018c60e8-e908-431a-ba57-c840b1df3987,28.0,15.1,89.7,53.18,0.809,0.76,0.068,0.66,0.362,,,0.3,2.5,0.85,Mid,,,,,,,,,False,32.94,86.45,,,2026-03-31
Nemotron Cascade 2 30B A3B,nemotron-cascade-2-30b-a3b,NVIDIA,nvidia,9815da7d-70f4-44d6-b539-9ffef0faa152,27.7,25.1,,40.23,,0.763,0.114,,0.33,,,,,,Unknown,,,,,,,30.0,2026.0,True,,,,,2026-03-31
DeepSeek V3.1 (Reasoning),deepseek-v3-1-reasoning,DeepSeek,deepseek,198b717f-42c8-4ab7-a699-ae9373d669d3,27.7,29.7,89.7,58.7,0.851,0.779,0.13,0.784,0.391,,,0.6,1.7,0.875,Mid,,,,,,,671.0,2025.0,True,31.66,93.38,,,2026-03-31
Qwen3 VL 235B A22B (Reasoning),qwen3-vl-235b-a22b-reasoning,Alibaba,alibaba,a803d3d0-d22e-49a0-ac2c-b9c6f1141065,27.6,20.9,88.3,55.08,0.836,0.772,0.101,0.646,0.399,,,0.7,8.4,2.625,Mid,55.86,1.154,36.955,,,,235.0,2026.0,True,10.51,42.77,,21.28,2026-03-31
Apriel-v1.6-15B-Thinker,apriel-v1-6-15b-thinker,ServiceNow,servicenow,a71c1a35-ccc8-43f0-a5a2-070a690b9a00,27.6,22.0,88.0,56.02,0.79,0.733,0.098,0.807,0.373,,,0.0,0.0,0.0,Free,79.15,0.186,25.456,,,,15.0,2026.0,True,,,,,2026-03-31
GPT-5.1 (Non-reasoning),gpt-5-1-non-reasoning,OpenAI,openai,d0b3d47e-aec6-425e-9de7-168dcc6d1e28,27.4,27.3,38.0,47.1,0.801,0.643,0.052,0.494,0.365,,,1.25,10.0,3.438,Mid,95.43,0.648,0.648,,,,500.0,2026.0,False,7.97,31.61,,27.76,2026-03-31
Qwen3.5 9B (Non-reasoning),qwen3-5-9b-non-reasoning,Alibaba,alibaba,20da3b31-fc0a-4359-abec-d59367bf1d9f,27.3,21.4,,38.3,,0.786,0.086,,0.277,,,0.04,0.2,0.08,Budget,194.74,0.678,0.678,,,,9.0,2026.0,True,341.25,497.65,,2434.24,2026-03-31
Mistral Small 4 (Reasoning),mistral-small-4,Mistral,mistral,3fd96175-4ef1-434c-8795-f873aec2abc1,27.2,24.3,,41.47,,0.769,0.095,,0.38,,,0.15,0.6,0.263,Budget,191.61,0.54,10.978,,,,22.0,2024.0,True,103.42,177.6,,728.57,2026-03-31
Qwen3.5 4B (Reasoning),qwen3-5-4b,Alibaba,alibaba,651ef7ae-9a8f-477e-9c8e-460aa156ba02,27.1,17.5,,33.67,,0.771,0.078,,0.161,,,0.03,0.15,0.06,Budget,268.72,0.414,7.857,,,,4.0,2026.0,True,451.67,577.78,,4478.62,2026-03-31
Magistral Medium 1.2,magistral-medium-2509,Mistral,mistral,864da2a5-156c-45fd-873c-8923be91914f,27.1,21.7,82.0,55.84,0.815,0.739,0.096,0.75,0.392,,,2.0,5.0,2.75,Mid,95.43,0.434,21.391,,,,,,True,9.85,42.25,,34.7,2026-03-31
DeepSeek R1 0528 (May '25),deepseek-r1,DeepSeek,deepseek,a83f84b3-473a-4276-9ae1-8909da723159,27.1,24.0,76.0,69.43,0.849,0.813,0.149,0.77,0.403,0.983,0.893,1.35,5.4,2.362,Mid,,,,1422.0,6.0,18593.0,671.0,2025.0,True,11.47,57.26,27.02,,2026-03-31
Gemini 2.5 Flash (Reasoning),gemini-2-5-flash-reasoning,Google,google,219ed587-60c5-4a48-9517-8480e08d0ca1,27.0,22.2,73.3,66.09,0.832,0.79,0.111,0.695,0.394,0.981,0.823,0.3,2.5,0.85,Mid,247.82,10.502,10.502,,,,,,False,31.76,107.42,,291.56,2026-03-31
GPT-5 nano (high),gpt-5-nano,OpenAI,openai,e18e5e6a-5a31-4c0b-b80b-ac401392f446,26.8,20.3,83.7,53.86,0.78,0.676,0.082,0.789,0.366,,,0.05,0.4,0.138,Budget,133.72,95.74,95.74,,,,8.0,2026.0,False,194.2,416.64,,968.96,2026-03-31
Qwen3 Next 80B A3B (Reasoning),qwen3-next-80b-a3b-reasoning,Alibaba,alibaba,c8a79180-7d16-4474-8701-9a77c0baa56a,26.7,19.5,84.3,57.44,0.824,0.759,0.117,0.784,0.388,,,0.5,6.0,1.875,Mid,155.86,1.054,13.886,,,,80.0,2026.0,True,14.24,54.39,,83.13,2026-03-31
GLM-4.5 (Reasoning),glm-4.5,Z AI,zai,1cf439b8-0cfd-47b2-9de2-9a2157e6762b,26.4,26.3,73.7,66.81,0.835,0.782,0.122,0.738,0.348,0.979,0.873,0.49,1.9,0.843,Mid,45.82,0.88,44.527,,,,,,True,31.32,109.28,,54.36,2026-03-31
Kimi K2,kimi-k2,Kimi,kimi,441734a9-8901-4850-9bae-b474c370291f,26.3,22.1,57.0,60.36,0.824,0.766,0.07,0.556,0.345,0.971,0.693,0.57,2.4,1.002,Mid,41.55,0.918,0.918,1430.0,4.0,42603.0,,,True,26.25,86.95,30.8,41.47,2026-03-31
GPT-4.1,gpt-4-1,OpenAI,openai,3b608b70-6434-4baa-99ad-45d499703c67,26.3,21.8,34.7,52.94,0.806,0.666,0.046,0.457,0.381,0.913,0.437,2.0,8.0,3.5,Mid,101.07,0.541,0.541,1413.0,4.0,51429.0,,,False,7.51,35.2,21.14,28.88,2026-03-31
Qwen3 Max (Preview),qwen3-max-preview,Alibaba,alibaba,5b2beb12-81a9-47a1-8a2a-d0a727185b50,26.1,25.5,75.0,54.32,0.838,0.764,0.093,0.651,0.37,,,1.2,6.0,2.4,Mid,46.9,1.785,1.785,1435.0,5.0,27958.0,,2026.0,False,10.88,44.39,33.45,19.54,2026-03-31
o3-mini,o3-mini,OpenAI,openai,2dad8957-4c16-4e74-bf2d-8b21514e0ae9,25.9,17.9,,64.07,0.791,0.748,0.087,0.717,0.399,0.973,0.77,1.1,4.4,1.925,Mid,164.06,6.562,6.562,,,,100.0,2025.0,False,13.45,59.7,,85.23,2026-03-31
GPT-5 nano (medium),gpt-5-nano-medium,OpenAI,openai,8eb02396-f231-4189-ae15-05f7facebd9b,25.9,22.9,78.3,52.38,0.772,0.67,0.076,0.763,0.338,,,0.05,0.4,0.138,Budget,148.52,56.653,56.653,,,,8.0,2026.0,False,187.68,405.19,,1076.2,2026-03-31
o1-pro,o1-pro,OpenAI,openai,e8d4100e-165b-4c5d-ac11-ac553590a334,25.8,,,,,,,,,,,150.0,600.0,262.5,Ultra,,,,,,,200.0,2024.0,False,0.1,,,,2026-03-31
Gemini 2.5 Flash Preview (Sep '25) (Non-reasoning),gemini-2-5-flash-preview-09-2025,Google,google,877fdfc9-2026-477a-af96-e4fd602c0131,25.7,22.1,56.7,53.6,0.836,0.766,0.078,0.625,0.375,,,,,,Unknown,,,,,,,,,False,,,,,2026-03-31
Seed-OSS-36B-Instruct,seed-oss-36b-instruct,ByteDance Seed,bytedance_seed,5c6533f3-75a2-4109-b9a9-3623afc6b86a,25.2,16.7,84.7,55.24,0.815,0.726,0.091,0.765,0.365,,,0.21,0.57,0.3,Budget,41.61,1.714,49.784,,,,36.0,,True,84.0,210.55,,138.69,2026-03-31
o3-mini (high),o3-mini-high,OpenAI,openai,076f2674-bc4b-4925-be59-50832eb8c090,25.2,17.3,,66.79,0.802,0.773,0.123,0.734,0.398,0.985,0.86,1.1,4.4,1.925,Mid,165.96,18.947,18.947,,,,100.0,2025.0,False,13.09,62.22,,86.21,2026-03-31
Grok 3,grok-3,xAI,xai,2443ac9e-a3db-423d-accb-8963f6fb0a53,25.2,19.8,58.0,50.51,0.799,0.693,0.051,0.425,0.368,0.87,0.33,3.0,15.0,6.0,Premium,60.69,0.355,0.355,1412.0,4.0,33055.0,314.0,2025.0,False,4.2,25.96,19.52,10.12,2026-03-31
Qwen3 235B A22B 2507 Instruct,qwen3-235b-a22b-instruct-2507,Alibaba,alibaba,3373245b-e6dc-4b66-a7b0-3f06f9b7bd46,25.0,22.1,71.7,60.97,0.828,0.753,0.106,0.524,0.36,0.98,0.717,0.7,2.8,1.225,Mid,67.55,1.105,1.105,1422.0,3.0,78407.0,235.0,2026.0,True,20.41,76.24,25.02,55.14,2026-03-31
Qwen3 Coder 480B A35B Instruct,qwen3-coder-480b-a35b-instruct,Alibaba,alibaba,093883ed-f5fc-443b-8e18-afbfb166699e,24.8,24.6,39.3,54.47,0.788,0.618,0.044,0.585,0.359,0.942,0.477,1.5,7.5,3.0,Mid,66.27,1.551,1.551,,,,480.0,2026.0,True,8.27,39.29,,22.09,2026-03-31
Qwen3 VL 32B (Reasoning),qwen3-vl-32b-reasoning,Alibaba,alibaba,d370fcbf-c4a1-41a2-abc4-d204fcc3fcbf,24.7,14.5,84.7,53.4,0.818,0.733,0.096,0.738,0.285,,,0.7,8.4,2.625,Mid,98.01,1.235,21.64,,,,32.0,2026.0,True,9.41,41.46,,37.34,2026-03-31
Sonar Reasoning Pro,sonar-reasoning-pro,Perplexity,perplexity,1edc272c-d799-44d6-909a-bf3c1909a3a0,24.6,,,87.35,,,,,,0.957,0.79,,,,Unknown,,,,,,,70.0,2026.0,True,,,,,2026-03-31
Nova 2.0 Lite (low),nova-2-0-lite-reasoning-low,Amazon,aws,6fd796d3-f346-4f66-97df-5da81714fc73,24.6,13.6,46.7,46.6,0.788,0.698,0.042,0.469,0.333,,,0.3,2.5,0.85,Mid,215.58,4.152,13.429,,,,,,False,28.94,75.75,,253.63,2026-03-31
gpt-oss-120B (low),gpt-oss-120b-low,OpenAI,openai,c99f3bde-7c08-4de8-bd5c-8ee9123ebffa,24.5,15.5,66.7,51.32,0.775,0.672,0.052,0.707,0.36,,,0.15,0.6,0.263,Budget,250.37,0.487,8.476,,,,120.0,2026.0,True,93.16,219.8,,951.97,2026-03-31
gpt-oss-20B (high),gpt-oss-20b,OpenAI,openai,36f73aaf-d38a-4b56-a2b3-d04d17186910,24.5,18.5,89.3,53.1,0.748,0.688,0.098,0.777,0.344,,,0.06,0.2,0.094,Budget,318.9,0.37,6.642,,,,20.0,2026.0,True,260.64,591.05,,3392.54,2026-03-31
MiniMax M1 80k,minimax-m1-80k,MiniMax,minimax,9ca246a7-cf13-42c9-9182-5b5ad6b79026,24.4,14.5,61.0,64.39,0.816,0.697,0.082,0.711,0.374,0.98,0.847,0.55,2.2,0.963,Mid,,,,,,,,,True,25.34,95.46,,,2026-03-31
GPT-5.4 nano (Non-Reasoning),gpt-5-4-nano-non-reasoning,OpenAI,openai,c298d1a8-606c-4971-8613-ccdaaf941043,24.4,27.9,,31.73,,0.558,0.042,,0.352,,,0.2,1.25,0.463,Budget,190.51,0.431,0.431,,,,500.0,2026.0,False,52.7,83.4,,411.46,2026-03-31
NVIDIA Nemotron 3 Nano 30B A3B (Reasoning),nvidia-nemotron-3-nano-30b-a3b-reasoning,NVIDIA,nvidia,76dcf6ef-39ea-4be0-b693-b88da25b4caf,24.3,19.0,91.0,53.8,0.794,0.757,0.102,0.741,0.296,,,0.06,0.24,0.105,Budget,179.2,0.745,11.906,,,,30.0,2026.0,True,231.43,538.83,,1706.66,2026-03-31
Gemini 2.5 Flash Preview (Reasoning),gemini-2-5-flash-reasoning-04-2025,Google,google,68c89ebf-779c-4445-9241-de964cd17355,24.3,,,61.46,0.8,0.698,0.116,0.505,0.359,0.981,0.843,,,,Unknown,,,,,,,,,False,,,,,2026-03-31
K2 Think V2,k2-think-v2,MBZUAI Institute of Foundation Models,mbzuai,5a49ef80-3af5-404b-8ac0-e1b230ae95de,24.1,15.5,,37.93,,0.713,0.095,,0.33,,,,,,Unknown,,,,,,,,2026.0,True,,,,,2026-03-31
GPT-5 (minimal),gpt-5-minimal,OpenAI,openai,c3738fb0-3408-4430-a699-760ae4b70c93,23.9,25.1,31.7,52.96,0.806,0.673,0.054,0.558,0.388,0.861,0.367,1.25,10.0,3.438,Mid,83.22,0.881,0.881,,,,50.0,2026.0,False,6.95,35.54,,24.21,2026-03-31
LongCat Flash Lite,longcat-flash-lite,LongCat,longcat,6056731b-c705-455b-aa0d-43cbf29b1054,23.9,16.5,,32.67,,0.636,0.06,,0.284,,,0.0,0.0,0.0,Free,126.66,3.218,3.218,,,,,,True,,,,,2026-03-31
o1-preview,o1-preview,OpenAI,openai,078f4dc8-5350-40a2-a5ea-e8359f795b70,23.7,34.0,,92.4,,,,,,0.924,,16.5,66.0,28.875,Premium,,,,,,,200.0,2024.0,False,0.82,27.2,,,2026-03-31
HyperCLOVA X SEED Think (32B),hyperclova-x-seed-think-32b,Naver,naver,339a92c1-8a42-417f-8d1f-cdbc605acd9e,23.7,17.5,59.0,47.36,0.785,0.615,0.055,0.629,0.284,,,,,,Unknown,,,,,,,32.0,,True,,,,,2026-03-31
Grok 4.1 Fast (Non-reasoning),grok-4-1-fast,xAI,xai,49fd01f9-887d-4479-b8ce-771a81ecef4e,23.6,19.5,34.3,42.5,0.743,0.637,0.05,0.399,0.296,,,0.2,0.5,0.275,Budget,132.6,0.3,0.3,1461.0,4.0,48755.0,500.0,2026.0,False,85.82,174.94,45.84,482.17,2026-03-31
K-EXAONE (Non-reasoning),k-exaone-non-reasoning,LG AI Research,lg,9cc377dc-67ae-4042-bafc-0466b5f05089,23.4,13.5,44.0,45.72,0.81,0.695,0.054,,0.27,,,,,,Unknown,,,,,,,8.0,2026.0,True,,,,,2026-03-31
GLM-4.6V (Reasoning),glm-4-6v-reasoning,Z AI,zai,d2d7dd95-770f-4cb0-9bbc-d275ac19c265,23.4,19.7,85.3,41.42,0.799,0.719,0.089,0.16,0.304,,,0.3,0.9,0.45,Budget,29.98,1.047,67.754,,,,,,True,52.0,111.47,,66.63,2026-03-31
GPT-5.4 mini (Non-Reasoning),gpt-5-4-mini-non-reasoning,OpenAI,openai,ae447455-940d-4d30-9139-a664fa896eaf,23.3,25.3,,35.3,,0.606,0.057,,0.396,,,0.75,4.5,1.688,Mid,201.17,0.419,0.419,,,,500.0,2026.0,False,13.8,35.7,,119.17,2026-03-31
GLM-4.5-Air,glm-4-5-air,Z AI,zai,5d303dc9-c027-401f-9803-4e9aa3331007,23.2,23.8,80.7,60.63,0.815,0.733,0.068,0.684,0.306,0.965,0.673,0.2,1.1,0.425,Budget,104.6,0.616,19.736,,,,,,True,54.59,171.18,,246.12,2026-03-31
Nova 2.0 Omni (low),nova-2-0-omni-reasoning-low,Amazon,aws,b36ff8f3-0323-49d1-a063-ab09704fdb0c,23.2,13.9,56.0,49.44,0.798,0.699,0.04,0.592,0.343,,,0.3,2.5,0.85,Mid,,,,,,,,,False,27.29,80.37,,,2026-03-31
Nova 2.0 Pro Preview (Non-reasoning),nova-2-0-pro,Amazon,aws,a20ae33a-46e1-41e6-81a0-fe8b00d2e538,23.1,20.5,30.7,44.04,0.772,0.636,0.04,0.473,0.281,,,1.25,10.0,3.438,Mid,166.2,0.461,0.461,,,,,,False,6.72,29.55,,48.34,2026-03-31
Mi:dm K 2.5 Pro,mi-dm-k-2-5-pro-dec28,Korea Telecom,korea-telecom,df4c5a29-4b5c-4fef-9f7f-5e24e118ab65,23.1,12.6,76.7,51.5,0.809,0.701,0.077,0.656,0.332,,,,,,Unknown,,,,,,,,,True,,,,,2026-03-31
Grok 4 Fast (Non-reasoning),grok-4-fast,xAI,xai,2dbb6dc7-8c40-4b6d-af9c-cf805f83b79a,23.1,19.0,41.3,42.32,0.73,0.606,0.05,0.401,0.329,,,0.2,0.5,0.275,Budget,128.08,0.294,0.294,1421.0,8.0,6869.0,500.0,2026.0,False,84.0,174.19,22.64,465.75,2026-03-31
GPT-4.1 mini,gpt-4-1-mini,OpenAI,openai,9f7c7566-a704-49a2-a383-cb3181da33a4,22.9,18.5,46.3,53.33,0.781,0.664,0.046,0.483,0.404,0.925,0.43,0.4,1.6,0.7,Mid,82.29,0.598,0.598,,,,,,False,32.71,100.5,,117.56,2026-03-31
Ring-1T,ring-1t,InclusionAI,inclusionai,a29e66d6-1c3c-456a-8770-59ee3845b35d,22.8,16.8,89.3,53.84,0.806,0.774,0.102,0.643,0.367,,,,,,Unknown,,,,,,,,,True,,,,,2026-03-31
Mistral Large 3,mistral-large-3,Mistral,mistral,4928e950-7f37-4475-b0dc-c5bad781a321,22.8,22.7,38.0,47.1,0.807,0.68,0.041,0.465,0.362,,,0.5,1.5,0.75,Mid,55.33,0.52,0.52,1416.0,4.0,34238.0,123.0,2025.0,True,30.4,84.16,19.51,73.77,2026-03-31
Qwen3.5 4B (Non-reasoning),qwen3-5-4b-non-reasoning,Alibaba,alibaba,30c9ba61-d0a1-4794-938e-35865f379d15,22.6,13.7,,32.33,,0.712,0.075,,0.183,,,0.03,0.15,0.06,Budget,233.03,0.227,0.227,,,,4.0,2026.0,True,376.67,554.9,,3883.8,2026-03-31
Qwen3 30B A3B 2507 (Reasoning),qwen3-30b-a3b-2507-reasoning,Alibaba,alibaba,5e0164b3-d902-4bcb-a1b2-83b4f4cd6143,22.4,14.7,56.3,64.76,0.805,0.707,0.098,0.707,0.333,0.976,0.907,0.2,2.4,0.75,Mid,154.1,0.952,13.931,,,,30.0,2026.0,True,29.87,115.72,,205.47,2026-03-31
DeepSeek V3 0324,deepseek-v3-0324,DeepSeek,deepseek,75e1c197-f239-4361-a9d6-66dccfead236,22.3,22.0,41.0,53.59,0.819,0.655,0.052,0.405,0.358,0.942,0.52,1.25,1.45,1.25,Mid,,,,,,,671.0,2025.0,True,17.84,66.08,,,2026-03-31
INTELLECT-3,intellect-3,Prime Intellect,prime-intellect,369329e4-629f-425d-975a-e8980aec2965,22.2,19.1,88.0,57.44,0.822,0.761,0.121,0.777,0.391,,,,,,Unknown,,,,,,,,,True,,,,,2026-03-31
GLM-4.7-Flash (Non-reasoning),glm-4-7-flash-non-reasoning,Z AI,zai,c8673741-5e1a-46a1-9e4f-710a5c920982,22.1,11.0,,25.2,,0.452,0.049,,0.255,,,0.07,0.4,0.152,Budget,87.38,0.71,0.71,,,,,,True,145.39,178.09,,574.84,2026-03-31
Devstral 2,devstral-2,Mistral,mistral,09f43999-b67b-4c1b-b050-44df41ed7e62,22.0,23.7,36.7,43.42,0.762,0.594,0.036,0.448,0.331,,,0.0,0.0,0.0,Free,83.02,0.382,0.382,,,,,,True,,,,,2026-03-31
GPT-5 (ChatGPT),gpt-5-chatgpt,OpenAI,openai,eab1492c-b853-4852-aa71-06b0ec2481c1,21.8,21.2,48.3,49.7,0.82,0.686,0.058,0.543,0.378,,,1.25,10.0,3.438,Mid,159.11,0.543,0.543,1426.0,4.0,31854.0,500.0,2026.0,False,6.34,33.35,24.24,46.28,2026-03-31
Solar Open 100B (Reasoning),solar-open-100b-reasoning,Upstage,upstage,59a1bb20-9170-4dc2-ba9c-12d326cf068e,21.7,10.5,,33.93,,0.657,0.092,,0.269,,,,,,Unknown,,,,,,,100.0,,True,,,,,2026-03-31
Grok 3 Reasoning Beta,grok-3-reasoning,xAI,xai,ec3b22e6-48ac-416a-b4ae-55565a4f3046,21.6,,,,,,,,,,,,,,Unknown,,,,,,,314.0,2025.0,False,,,,,2026-03-31
Gemini 2.5 Flash-Lite Preview (Sep '25) (Reasoning),gemini-2-5-flash-lite-preview-09-2025-reasoning,Google,google,84922739-425f-46e1-87ac-bb4268dcacbb,21.6,18.1,68.7,51.16,0.808,0.709,0.066,0.688,0.287,,,0.1,0.4,0.175,Budget,359.74,7.496,7.496,,,,,,False,123.43,317.24,,2055.66,2026-03-31
Mistral Medium 3.1,mistral-medium-3-1,Mistral,mistral,05a32e26-e609-4377-951b-8fa23d329926,21.3,18.3,38.3,41.18,0.683,0.588,0.044,0.406,0.338,,,0.4,2.0,0.8,Mid,71.85,0.382,0.382,,,,,2025.0,True,26.62,70.06,,89.81,2026-03-31
MiniMax M1 40k,minimax-m1-40k,MiniMax,minimax,385376b1-9815-47dd-83cc-85aac34f247d,20.9,14.1,13.7,62.64,0.808,0.682,0.075,0.657,0.378,0.972,0.813,,,,Unknown,,,,,,,,,True,,,,,2026-03-31
gpt-oss-20B (low),gpt-oss-20b-low,OpenAI,openai,16149b9c-a1e9-4669-a5cb-ff3c00d78f89,20.8,14.4,62.3,47.44,0.718,0.611,0.051,0.652,0.34,,,0.06,0.2,0.094,Budget,319.62,0.428,6.685,,,,20.0,2026.0,True,221.28,528.05,,3400.21,2026-03-31
Qwen3 VL 235B A22B Instruct,qwen3-vl-235b-a22b-instruct,Alibaba,alibaba,d58cf573-1bd3-4d1f-9182-5482a460f570,20.8,16.5,70.7,51.02,0.823,0.712,0.063,0.594,0.359,,,0.7,2.8,1.225,Mid,57.58,1.036,1.036,1416.0,6.0,11614.0,235.0,2026.0,True,16.98,63.79,17.61,47.0,2026-03-31
GPT-5 mini (minimal),gpt-5-mini-minimal,OpenAI,openai,bc26bfdb-4923-4442-a6ca-e77392923581,20.7,21.9,46.7,48.52,0.775,0.687,0.05,0.545,0.369,,,0.25,2.0,0.688,Mid,89.12,0.777,0.777,,,,50.0,2026.0,False,30.09,92.68,,129.53,2026-03-31
K2-V2 (high),k2-v2,MBZUAI Institute of Foundation Models,mbzuai,a38d719a-709c-4983-b3e7-7090389ae9a6,20.6,16.1,78.3,50.9,0.786,0.681,0.098,0.694,0.286,,,,,,Unknown,,,,,,,,,True,,,,,2026-03-31
Gemini 2.5 Flash (Non-reasoning),gemini-2-5-flash,Google,google,6afbfb62-27e4-435e-9c85-d9fe1b92519e,20.6,17.8,60.3,53.73,0.809,0.683,0.051,0.495,0.291,0.932,0.5,0.3,2.5,0.85,Mid,234.74,0.425,0.425,,,,,,False,24.24,87.34,,276.17,2026-03-31
o1-mini,o1-mini,OpenAI,openai,b515503d-4d65-4a3f-8a4a-6c731e2b079f,20.4,,,54.86,0.742,0.603,0.049,0.576,0.323,0.944,0.603,,,,Unknown,,,,,,,100.0,2024.0,False,,,,,2026-03-31
Qwen3 Next 80B A3B Instruct,qwen3-next-80b-a3b-instruct,Alibaba,alibaba,2698f6c6-e436-47ce-a583-dbc25596c571,20.1,15.3,66.3,52.42,0.819,0.738,0.073,0.684,0.307,,,0.5,2.0,0.875,Mid,150.37,0.981,0.981,,,,80.0,2026.0,True,22.97,83.39,,171.85,2026-03-31
Tri-21B-think Preview,tri-21b-think-preview,Trillion Labs,trillionlabs,60cff809-05fb-4439-afe7-8b1476439f49,20.0,7.4,,25.77,,0.538,0.057,,0.178,,,,,,Unknown,,,,,,,21.0,,True,,,,,2026-03-31
Qwen3 Coder 30B A3B Instruct,qwen3-coder-30b-a3b-instruct,Alibaba,alibaba,da9fe224-8af3-46d7-a8c4-6220779c3f35,20.0,19.4,29.0,44.76,0.706,0.516,0.04,0.403,0.278,0.893,0.297,0.45,2.25,0.9,Mid,26.45,1.435,1.435,,,,30.0,2026.0,True,22.22,69.73,,29.39,2026-03-31
GPT-4.5 (Preview),gpt-4-5,OpenAI,openai,5ce30d25-5353-45bb-bef9-6b87480ba3a2,20.0,,,,,,,,,,,,,,Unknown,,,,1444.0,6.0,14547.0,,,False,,,32.75,,2026-03-31
Qwen3 235B A22B (Reasoning),qwen3-235b-a22b-instruct-reasoning,Alibaba,alibaba,bbe6d782-e630-48d5-b11c-3ce37f373f1e,19.8,17.4,82.0,63.37,0.828,0.7,0.117,0.622,0.399,0.93,0.84,0.7,8.4,2.625,Mid,55.03,1.158,37.504,,,,235.0,2026.0,True,7.54,49.21,,20.96,2026-03-31
QwQ 32B,qwq-32b,Alibaba,alibaba,ceb4d610-d0a4-48c1-bea0-80ed76f1e5ca,19.7,,29.0,59.5,0.764,0.593,0.082,0.631,0.358,0.957,0.78,0.66,1.0,0.745,Mid,32.66,0.462,76.732,,,,32.0,,True,26.44,106.87,,43.84,2026-03-31
Qwen3 VL 30B A3B (Reasoning),qwen3-vl-30b-a3b-reasoning,Alibaba,alibaba,ce3d286e-093d-413d-a81a-0270309f039e,19.7,13.1,82.3,51.98,0.807,0.72,0.087,0.697,0.288,,,0.2,2.4,0.75,Mid,127.69,0.961,16.624,,,,30.0,2026.0,True,26.27,92.89,,170.26,2026-03-31
Gemini 2.0 Flash Thinking Experimental (Jan '25),gemini-2-0-flash-thinking-exp-0121,Google,google,0399e614-5d46-484f-9183-e4f32d74e1c6,19.6,24.1,,52.34,0.798,0.701,0.071,0.321,0.329,0.944,0.5,,,,Unknown,,,,,,,,,False,,,,,2026-03-31
Devstral Small 2,devstral-small-2,Mistral,mistral,ce819310-af7c-49d3-9a02-6845111e1788,19.5,20.7,34.3,37.6,0.678,0.532,0.034,0.348,0.288,,,0.0,0.0,0.0,Free,161.59,0.351,0.351,,,,,,True,,,,,2026-03-31
Gemini 2.5 Flash-Lite Preview (Sep '25) (Non-reasoning),gemini-2-5-flash-lite-preview-09-2025,Google,google,71f51ea9-94fe-4635-a80d-4cfffbb685f4,19.4,14.5,46.7,48.38,0.796,0.651,0.046,0.641,0.285,,,0.1,0.4,0.175,Budget,344.88,0.466,0.466,,,,,,False,110.86,300.0,,1970.73,2026-03-31
Motif-2-12.7B-Reasoning,motif-2-12-7b,Motif Technologies,motif-technologies,666eb13f-0d22-4438-8eb0-01876e1a8604,19.1,11.9,80.3,50.12,0.796,0.695,0.082,0.651,0.282,,,,,,Unknown,,,,,,,7.0,,True,,,,,2026-03-31
Nova Premier,nova-premier,Amazon,aws,e58bbffd-fdc2-412a-b6d7-ca0e3f5d611a,19.0,13.8,17.3,42.2,0.733,0.569,0.047,0.317,0.279,0.839,0.17,2.5,12.5,5.0,Premium,68.83,0.877,0.877,,,,,,False,3.8,23.55,,13.77,2026-03-31
Ling-1T,ling-1t,InclusionAI,inclusionai,15b56b8e-7b93-4ed9-ac06-75c922e3b86e,19.0,18.8,71.3,52.84,0.822,0.719,0.072,0.677,0.352,,,,,,Unknown,,,,,,,,,True,,,,,2026-03-31
DeepSeek R1 (Jan '25),deepseek-r1-0120,DeepSeek,deepseek,0e34f05c-387e-4968-be15-ccec4a55d8c1,18.8,15.9,68.0,60.97,0.844,0.708,0.093,0.617,0.357,0.966,0.683,1.35,4.0,2.362,Mid,,,,,,,671.0,2025.0,True,7.96,50.28,,,2026-03-31
Mistral Medium 3,mistral-medium-3,Mistral,mistral,59e22326-1bca-4432-a5fa-147fbe8854e7,18.8,13.6,30.3,49.41,0.76,0.578,0.043,0.4,0.331,0.907,0.44,0.4,2.0,0.8,Mid,67.18,0.356,0.356,,,,,2025.0,True,23.5,84.07,,83.98,2026-03-31
Solar Pro 2 (Preview) (Reasoning),solar-pro-2-preview-reasoning,Upstage,upstage,8e78cf7a-5b76-4beb-beba-b99c6233b208,18.8,,,51.31,0.768,0.578,0.057,0.462,0.164,0.9,0.663,,,,Unknown,,,,,,,,,True,,,,,2026-03-31
Magistral Medium 1,magistral-medium,Mistral,mistral,660965b2-66d2-49ee-a6b9-79a6ac47d3c0,18.8,16.0,40.3,56.69,0.753,0.679,0.095,0.527,0.297,0.917,0.7,,,,Unknown,,,,,,,,,True,,,,,2026-03-31
Claude 3.5 Haiku,claude-3-5-haiku,Anthropic,anthropic,033e4aa9-a556-4224-87b0-341ed1070257,18.7,10.7,,34.56,0.634,0.408,0.035,0.314,0.274,0.721,0.033,0.8,4.0,1.6,Mid,,,,,,,,,False,11.69,36.17,,,2026-03-31
K2-V2 (medium),k2-v2-medium,MBZUAI Institute of Foundation Models,mbzuai,dd738be7-2b69-4775-91a5-8851d3341c2d,18.7,14.0,64.7,43.92,0.761,0.598,0.044,0.541,0.252,,,,,,Unknown,,,,,,,,,True,,,,,2026-03-31
Llama Nemotron Super 49B v1.5 (Reasoning),llama-nemotron-super-49b-v1-5-reasoning,NVIDIA,nvidia,e1cfa926-9e2b-4a0d-8c31-48366a5041c5,18.7,15.2,76.7,65.11,0.814,0.748,0.068,0.737,0.348,0.983,0.86,0.1,0.4,0.175,Budget,51.17,0.244,39.328,,,,49.0,2026.0,True,106.86,403.76,,292.41,2026-03-31
Devstral Medium,devstral-medium,Mistral,mistral,aba82268-2bb7-4a0f-80be-9b7722e2145b,18.7,15.9,4.7,37.76,0.708,0.492,0.038,0.337,0.294,0.707,0.067,0.4,2.0,0.8,Mid,141.04,0.399,0.399,,,,,,True,23.37,64.24,,176.3,2026-03-31
Mistral Small 4 (Non-reasoning),mistral-small-4-non-reasoning,Mistral,mistral,12f6a061-0ab3-4c76-b225-49abee253651,18.6,16.4,,29.63,,0.571,0.037,,0.281,,,0.15,0.6,0.263,Budget,151.51,0.402,0.402,,,,22.0,2024.0,True,70.72,126.91,,576.07,2026-03-31
"GPT-4o (March 2025, chatgpt-4o-latest)",gpt-4o-chatgpt-03-25,OpenAI,openai,575498d6-60ec-466b-9372-fea19911fd07,18.6,,25.7,50.27,0.803,0.655,0.05,0.425,0.366,0.893,0.327,,,,Unknown,,,,,,,200.0,2024.0,False,,,,,2026-03-31
GPT-4o (Aug '24),gpt-4o-2024-08-06,OpenAI,openai,8c1be908-67b6-4cf4-ba08-83ddbe44fde3,18.6,16.6,,35.17,,0.521,0.029,0.317,0.331,0.795,0.117,2.5,10.0,4.375,Mid,106.34,0.547,0.547,,,,200.0,2024.0,False,4.25,20.91,,24.31,2026-03-31
Tri-21B-Think,tri-21b-think-v0-5,Trillion Labs,trillionlabs,5d891609-fe1c-4e8d-b9f0-5b0ff6d9f439,18.6,6.3,,27.87,,0.601,0.061,,0.174,,,,,,Unknown,,,,,,,21.0,,True,,,,,2026-03-31
Hermes 4 - Llama-3.1 405B (Reasoning),hermes-4-llama-3-1-405b-reasoning,Nous Research,nous-research,82b207dd-d285-4a52-b2fc-2cbd27543899,18.6,16.0,69.7,51.94,0.829,0.727,0.103,0.686,0.252,,,1.0,3.0,1.5,Mid,31.98,0.728,63.277,,,,405.0,2024.0,True,12.4,56.69,,21.32,2026-03-31
Llama 3.3 Nemotron Super 49B v1 (Reasoning),llama-3-3-nemotron-super-49b-reasoning,NVIDIA,nvidia,1a8ba535-df18-459b-ad40-3199191296d7,18.5,9.4,54.7,51.34,0.785,0.643,0.065,0.277,0.282,0.959,0.583,,,,Unknown,,,,,,,49.0,2026.0,True,,,,,2026-03-31
Gemini 2.0 Flash (Feb '25),gemini-2-0-flash,Google,google,bcca0e70-7e80-4c07-b1fa-b33bcfb19e51,18.5,13.6,21.7,48.31,0.779,0.623,0.053,0.334,0.333,0.93,0.33,0.15,0.6,0.263,Budget,,,,,,,,,False,70.34,206.92,,,2026-03-31
Llama 4 Maverick,llama-4-maverick,Meta,meta,922c69c7-9037-43c6-8bcf-a1c555e7f3eb,18.4,15.6,19.3,50.5,0.809,0.671,0.048,0.397,0.331,0.889,0.39,0.31,0.91,0.487,Budget,128.12,0.498,0.498,,,,402.0,2026.0,True,37.78,127.28,,263.09,2026-03-31
Qwen3 4B 2507 (Reasoning),qwen3-4b-2507-instruct-reasoning,Alibaba,alibaba,2aacdc07-5f4e-4ab9-8ea5-5f7ab93f9eeb,18.2,9.5,82.7,47.32,0.743,0.667,0.059,0.641,0.256,,,,,,Unknown,,,,,,,4.0,2026.0,True,,,,,2026-03-31
Sarvam 105B (high),sarvam-105b,Sarvam,sarvam,45790612-02e3-4c42-b5bd-cd7ed2ea1f2f,18.2,9.8,,36.77,,0.738,0.101,,0.264,,,0.0,0.0,0.0,Free,140.22,1.281,15.544,,,,105.0,,True,,,,,2026-03-31
Magistral Small 1.2,magistral-small-2509,Mistral,mistral,70152cb0-fb36-4732-a925-89ef40994be1,18.2,14.8,80.3,51.34,0.768,0.663,0.061,0.723,0.352,,,0.5,1.5,0.75,Mid,191.9,0.312,10.734,,,,,,True,24.27,91.74,,255.87,2026-03-31
Gemini 2.0 Pro Experimental (Feb '25),gemini-2-0-pro-experimental-02-05,Google,google,c6a47d8a-7517-46e2-8383-329fe7241725,18.1,25.5,,49.1,0.805,0.622,0.068,0.347,0.312,0.923,0.36,,,,Unknown,,,,,,,,,False,,,,,2026-03-31
Claude 3 Opus,claude-3-opus,Anthropic,anthropic,7829427f-f0e3-4f6d-a228-5fbf70dacc02,18.0,19.5,,34.31,0.696,0.489,0.031,0.279,0.233,0.641,0.033,15.0,75.0,30.0,Ultra,,,,,,,175.0,2024.0,False,0.6,9.99,,,2026-03-31
Devstral Small (May '25),devstral-small-2505,Mistral,mistral,cc1fa238-1a76-486d-a997-22309275eadd,18.0,12.2,,33.71,0.632,0.434,0.04,0.258,0.245,0.684,0.067,0.06,0.12,0.075,Budget,,,,,,,,,True,240.0,466.18,,,2026-03-31
Nova 2.0 Lite (Non-reasoning),nova-2-0-lite,Amazon,aws,76bce7fb-3a3f-4b66-a78d-35ccf3edf5d2,18.0,12.5,33.7,39.24,0.743,0.603,0.03,0.346,0.24,,,0.3,2.5,0.85,Mid,186.06,0.564,0.564,,,,,,False,21.18,63.79,,218.89,2026-03-31
Sonar Reasoning,sonar-reasoning,Perplexity,perplexity,04751bd4-0c5d-416b-a5f2-83727c5bfcda,17.9,,,77.13,,0.623,,,,0.921,0.77,,,,Unknown,,,,,,,70.0,2026.0,True,,,,,2026-03-31
Gemini 2.5 Flash Preview (Non-reasoning),gemini-2-5-flash-04-2025,Google,google,55a3ebf6-6117-4cc1-8596-c6de6e552fd4,17.8,,,48.93,0.783,0.594,0.05,0.406,0.233,0.926,0.433,,,,Unknown,,,,,,,,,False,,,,,2026-03-31
Gemini 2.5 Flash-Lite (Reasoning),gemini-2-5-flash-lite-reasoning,Google,google,f4e8194a-d0e6-48eb-92be-4307de5aeeec,17.6,9.5,53.3,55.8,0.759,0.625,0.064,0.593,0.193,0.969,0.703,0.1,0.4,0.175,Budget,379.62,18.183,18.183,,,,,,False,100.57,346.01,,2169.27,2026-03-31
Hermes 4 - Llama-3.1 405B (Non-reasoning),hermes-4-llama-3-1-405b,Nous Research,nous-research,d3968fd3-97d8-4693-8d26-19cefc6f5d5f,17.6,18.1,15.3,43.98,0.729,0.536,0.042,0.546,0.346,,,1.0,3.0,1.5,Mid,32.34,0.695,0.695,,,,405.0,2024.0,True,11.73,48.0,,21.56,2026-03-31
Llama 3.1 Instruct 405B,llama-3-1-instruct-405b,Meta,meta,45c87531-2d57-48e0-8012-202cd636189e,17.4,14.5,3.0,40.13,0.732,0.515,0.042,0.305,0.299,0.703,0.213,2.75,6.5,3.688,Mid,31.14,0.471,0.471,,,,405.0,2024.0,True,4.72,25.97,,8.44,2026-03-31
GPT-4o (Nov '24),gpt-4o,OpenAI,openai,c1045dc0-4fd3-4adb-9548-18763e0d051f,17.3,16.7,6.0,41.07,0.748,0.543,0.033,0.309,0.333,0.759,0.15,2.5,10.0,4.375,Mid,148.05,0.605,0.605,1443.0,3.0,83051.0,200.0,2024.0,False,3.95,24.42,29.61,33.84,2026-03-31
DeepSeek R1 Distill Qwen 32B,deepseek-r1-distill-qwen-32b,DeepSeek,deepseek,df95f83f-5ebb-466a-9d2d-b95efc8c012c,17.2,,63.0,52.61,0.739,0.615,0.055,0.27,0.376,0.941,0.687,0.27,0.27,0.27,Budget,59.75,0.461,33.932,,,,32.0,2025.0,True,63.7,220.13,,221.31,2026-03-31
Qwen3 VL 32B Instruct,qwen3-vl-32b-instruct,Alibaba,alibaba,6da314d3-a984-4734-8f31-47dd32fb4699,17.2,15.6,68.3,46.8,0.791,0.671,0.063,0.514,0.301,,,0.7,2.8,1.225,Mid,77.61,1.16,1.16,,,,32.0,2026.0,True,14.04,58.52,,63.36,2026-03-31
GLM-4.6V (Non-reasoning),glm-4-6v,Z AI,zai,43098bd0-77ca-408b-b698-9d60b1d1c3b8,17.1,11.1,26.3,40.76,0.752,0.566,0.037,0.411,0.272,,,0.3,0.9,0.45,Budget,22.49,5.58,5.58,,,,,,True,38.0,109.7,,49.98,2026-03-31
Qwen3 235B A22B (Non-reasoning),qwen3-235b-a22b-instruct,Alibaba,alibaba,43573c57-2403-46fb-af4b-a93de9a0c3f5,17.0,14.0,23.7,47.04,0.762,0.613,0.047,0.343,0.299,0.902,0.327,0.7,2.8,1.225,Mid,55.73,1.193,1.193,,,,235.0,2026.0,True,13.88,58.82,,45.49,2026-03-31
Gemini 2.0 Flash (experimental),gemini-2-0-flash-experimental,Google,google,fddb72bd-60d3-41af-acc5-3df9a290eb8e,16.8,,,46.09,0.782,0.636,0.047,0.21,0.34,0.911,0.3,,,,Unknown,,,,,,,,,False,,,,,2026-03-31
Magistral Small 1,magistral-small,Mistral,mistral,0fec07d5-a9b2-407a-b5f8-5bf10bd86b59,16.8,11.1,41.3,55.57,0.746,0.641,0.072,0.514,0.241,0.963,0.713,,,,Unknown,,,,,,,,,True,,,,,2026-03-31
Qwen3 VL 8B (Reasoning),qwen3-vl-8b-reasoning,Alibaba,alibaba,dec8073c-57e2-41c0-b1aa-7a62960f103f,16.7,9.8,30.7,38.66,0.749,0.579,0.033,0.353,0.219,,,0.18,2.1,0.66,Mid,139.74,1.007,15.319,,,,8.0,2026.0,True,25.3,76.28,,211.73,2026-03-31
EXAONE 4.0 32B (Reasoning),exaone-4-0-32b-reasoning,LG AI Research,lg,44b19b51-5367-4ef9-a2ff-2f90b89a0867,16.7,14.0,80.0,65.33,0.818,0.739,0.105,0.747,0.344,0.977,0.843,,,,Unknown,,,,,,,32.0,2025.0,True,,,,,2026-03-31
Nova 2.0 Omni (Non-reasoning),nova-2-0-omni,Amazon,aws,1f6478c9-3e22-4586-adbe-841782859677,16.6,13.8,37.0,37.94,0.719,0.555,0.039,0.305,0.279,,,0.3,2.5,0.85,Mid,230.0,0.62,0.62,,,,,,False,19.53,61.67,,270.59,2026-03-31
Qwen3 32B (Reasoning),qwen3-32b-instruct-reasoning,Alibaba,alibaba,b00ecd62-a53f-4aed-b833-3e9d6b0170ba,16.5,13.8,73.0,60.24,0.798,0.668,0.083,0.546,0.354,0.961,0.807,0.7,8.4,2.625,Mid,101.13,0.979,20.756,,,,32.0,2026.0,True,6.29,46.78,,38.52,2026-03-31
DeepSeek V3 (Dec '24),deepseek-v3,DeepSeek,deepseek,43fc5506-c5ed-4dee-9b85-962bf7ae3986,16.5,16.4,26.0,45.69,0.752,0.557,0.036,0.359,0.354,0.887,0.253,0.4,0.89,0.625,Mid,,,,1416.0,10.0,3492.0,671.0,2025.0,True,26.4,94.1,13.51,,2026-03-31
DeepSeek R1 0528 Qwen3 8B,deepseek-r1-qwen3-8b,DeepSeek,deepseek,6000145b-0e3d-4fef-a55f-bcaac84803b2,16.4,7.8,63.7,52.94,0.739,0.612,0.056,0.513,0.204,0.932,0.65,,,,Unknown,,,,1422.0,6.0,18593.0,671.0,2025.0,True,,,16.82,,2026-03-31
Qwen2.5 Max,qwen-2-5-max,Alibaba,alibaba,b9dc72c6-7bea-4936-a55a-4b0c835fc755,16.3,,,45.11,0.762,0.587,0.045,0.359,0.337,0.835,0.233,1.6,6.4,2.8,Mid,49.26,1.079,1.079,,,,,2024.0,True,5.82,33.79,,17.59,2026-03-31
Qwen3.5 2B (Reasoning),qwen3-5-2b,Alibaba,alibaba,5d4acc80-7a88-4e84-bfe7-99071b84e6a4,16.3,3.5,,16.83,,0.456,0.021,,0.028,,,0.02,0.1,0.04,Budget,358.6,0.248,5.825,,,,2.0,2026.0,True,407.5,429.19,,8964.9,2026-03-31
Qwen3 14B (Reasoning),qwen3-14b-instruct-reasoning,Alibaba,alibaba,4559e9f0-8aad-4681-89fb-68cb915e0f16,16.2,13.1,55.7,56.91,0.774,0.604,0.043,0.523,0.316,0.961,0.763,0.35,4.2,1.313,Mid,65.29,1.053,31.685,,,,14.0,2026.0,True,12.34,67.87,,49.73,2026-03-31
Nanbeige4.1-3B,nanbeige4-1-3b,Nanbeige,nanbeige,7d73161f-002f-4c9c-b4f8-6c4d91f2ba8e,16.1,8.9,,40.5,,0.849,0.1,,0.266,,,,,,Unknown,,,,,,,3.0,,True,,,,,2026-03-31
Qwen3 VL 30B A3B Instruct,qwen3-vl-30b-a3b-instruct,Alibaba,alibaba,51d0b717-953d-4b44-af61-406c6b7dff39,16.1,14.3,72.3,46.14,0.764,0.695,0.064,0.476,0.308,,,0.2,0.8,0.35,Budget,128.96,0.954,0.954,,,,30.0,2026.0,True,46.0,153.75,,368.45,2026-03-31
Hermes 4 - Llama-3.1 70B (Reasoning),hermes-4-llama-3-1-70b-reasoning,Nous Research,nous-research,6ba9e8eb-8124-436d-842f-dbe36df80c27,16.0,14.4,68.7,51.66,0.811,0.699,0.079,0.653,0.341,,,0.13,0.4,0.198,Budget,75.37,0.59,27.125,,,,70.0,2024.0,True,80.81,285.96,,380.66,2026-03-31
DeepSeek R1 Distill Llama 70B,deepseek-r1-distill-llama-70b,DeepSeek,deepseek,4a845d7b-a52d-43bb-80b7-b58c7a0c155e,16.0,11.4,53.7,49.16,0.795,0.402,0.061,0.266,0.312,0.935,0.67,0.7,1.05,0.875,Mid,43.04,0.713,47.179,,,,70.0,2025.0,True,18.29,78.2,,49.19,2026-03-31
Ministral 3 14B,ministral-3-14b,Mistral,mistral,713fae11-c75c-4f10-ae2c-8e4074cd58af,16.0,10.9,30.0,37.96,0.693,0.572,0.046,0.351,0.236,,,0.2,0.2,0.2,Budget,106.9,0.275,0.275,,,,14.0,,True,80.0,208.2,,534.52,2026-03-31
Solar Pro 2 (Preview) (Non-reasoning),solar-pro-2-preview,Upstage,upstage,432d6c36-8825-47f3-b4eb-58529cea346b,16.0,,,44.74,0.725,0.544,0.038,0.385,0.272,0.871,0.297,,,,Unknown,,,,,,,,,True,,,,,2026-03-31
Gemini 1.5 Pro (Sep '24),gemini-1-5-pro,Google,google,2ac96b67-f4f8-4c8c-ac08-c7510faa7bb9,16.0,23.6,,44.36,0.75,0.589,0.049,0.316,0.295,0.876,0.23,,,,Unknown,,,,,,,,,False,,,,,2026-03-31
Claude 3.5 Sonnet (Oct '24),claude-35-sonnet,Anthropic,anthropic,0a603978-03b9-4f47-a273-2f7fd969be85,15.9,30.2,,44.07,0.772,0.599,0.039,0.381,0.366,0.771,0.157,3.0,15.0,6.0,Premium,,,,,,,,,False,2.65,22.65,,,2026-03-31
DeepSeek R1 Distill Qwen 14B,deepseek-r1-distill-qwen-14b,DeepSeek,deepseek,b26ff709-1773-4595-ae44-78e0a5bac29c,15.8,,55.7,49.99,0.74,0.484,0.044,0.376,0.239,0.949,0.667,,,,Unknown,,,,,,,671.0,2025.0,True,,,,,2026-03-31
Falcon-H1R-7B,falcon-h1r-7b,TII UAE,tii-uae,c76e0ae8-0fd2-45c0-a39d-d398fce9b128,15.8,9.8,80.0,49.34,0.725,0.661,0.108,0.724,0.249,,,,,,Unknown,,,,,,,7.0,2023.0,True,,,,,2026-03-31
Ling-flash-2.0,ling-flash-2-0,InclusionAI,inclusionai,882a5da3-94ca-4602-8693-c45970df17e2,15.7,16.7,65.3,47.5,0.777,0.657,0.063,0.589,0.289,,,0.14,0.57,0.247,Budget,64.22,1.483,1.483,,,,,,True,63.56,215.18,,260.02,2026-03-31
Qwen3 Omni 30B A3B (Reasoning),qwen3-omni-30b-a3b-reasoning,Alibaba,alibaba,b97ef678-2d31-4375-9416-67ea97f87204,15.6,12.7,74.0,51.52,0.792,0.726,0.073,0.679,0.306,,,0.25,0.97,0.43,Budget,103.09,0.952,20.352,,,,30.0,2026.0,True,36.28,144.04,,239.75,2026-03-31
Qwen2.5 Instruct 72B,qwen2-5-72b-instruct,Alibaba,alibaba,b4f7d7a4-869a-4ee7-b17a-4046cd1e79fd,15.6,11.9,14.0,40.2,0.72,0.491,0.042,0.276,0.267,0.858,0.16,0.0,0.0,0.0,Free,53.87,1.112,1.112,,,,72.0,,True,,,,,2026-03-31
Sonar,sonar,Perplexity,perplexity,5ec4a0db-da66-4e46-9682-fceeed755ef8,15.5,,,43.73,0.689,0.471,0.073,0.295,0.229,0.817,0.487,,,,Unknown,,,,,,,70.0,2026.0,True,,,,,2026-03-31
Step3 VL 10B,step-3-vl-10b,StepFun,stepfun,acad0665-9457-4531-abd5-b59efd7a89ea,15.4,13.9,,36.77,,0.69,0.102,,0.311,,,,,,Unknown,,,,,,,10.0,2025.0,True,,,,,2026-03-31
Qwen3 30B A3B (Reasoning),qwen3-30b-a3b-instruct-reasoning,Alibaba,alibaba,3e6cf518-a1f4-42d3-8fcf-827c9bd8e6d5,15.3,11.0,72.3,56.6,0.777,0.616,0.066,0.506,0.285,0.959,0.753,0.2,2.4,0.75,Mid,68.51,1.078,30.273,,,,30.0,2026.0,True,20.4,101.14,,91.34,2026-03-31
Sonar Pro,sonar-pro,Perplexity,perplexity,3435db18-9227-45a5-8e79-9546b14b5aaa,15.2,,,42.11,0.755,0.578,0.079,0.275,0.226,0.745,0.29,,,,Unknown,,,,,,,70.0,2026.0,True,,,,,2026-03-31
QwQ 32B-Preview,QwQ-32B-Preview,Alibaba,alibaba,8823351e-8232-4c9c-8a1d-cd2c1d2c1196,15.2,,,42.73,0.648,0.557,0.048,0.337,0.038,0.91,0.453,0.12,0.18,0.135,Budget,60.15,0.476,33.726,,,,32.0,,True,112.59,337.42,,445.56,2026-03-31
Devstral Small (Jul '25),devstral-small,Mistral,mistral,9eae4ec4-61b8-48bc-9843-3edd506ae933,15.2,12.1,29.3,31.54,0.622,0.414,0.037,0.254,0.243,0.635,0.003,0.1,0.3,0.15,Budget,285.54,0.345,0.345,,,,,,True,101.33,225.69,,1903.57,2026-03-31
Mistral Small 3.2,mistral-small-3-2,Mistral,mistral,43da3718-3d6e-40dd-901a-05664179ff7f,15.1,13.3,27.0,42.49,0.681,0.505,0.043,0.275,0.264,0.883,0.323,0.1,0.3,0.15,Budget,195.92,0.318,0.318,,,,22.0,2024.0,True,100.67,303.99,,1306.15,2026-03-31
GLM-4.5V (Reasoning),glm-4-5v-reasoning,Z AI,zai,3068def4-7270-4c06-a320-6f6a5623d564,15.1,10.9,73.0,47.12,0.788,0.684,0.059,0.604,0.221,,,0.6,1.8,0.9,Mid,49.16,0.993,41.679,,,,,,True,16.78,73.41,,54.62,2026-03-31
Mistral Large 2 (Nov '24),mistral-large-2,Mistral,mistral,50f92d5f-f413-4c97-8dab-331101622a28,15.1,13.8,14.0,37.91,0.697,0.486,0.04,0.293,0.292,0.736,0.11,2.0,6.0,3.0,Mid,42.37,0.445,0.445,,,,123.0,2025.0,True,5.03,27.35,,14.12,2026-03-31
Qwen3 30B A3B 2507 Instruct,qwen3-30b-a3b-2507,Alibaba,alibaba,7ec1065a-c90e-41e4-bd17-abb7042eed76,15.0,14.2,66.3,57.5,0.777,0.659,0.068,0.515,0.304,0.975,0.727,0.2,0.8,0.35,Budget,51.35,1.065,1.065,,,,30.0,2026.0,True,42.86,191.6,,146.71,2026-03-31
ERNIE 4.5 300B A47B,ernie-4-5-300b-a47b,Baidu,baidu,ae4fe623-80ab-4ea3-8921-70a18ea0fc7e,15.0,14.5,41.3,54.69,0.776,0.811,0.035,0.467,0.315,0.931,0.493,0.28,1.1,0.485,Budget,32.35,1.862,1.862,,,,300.0,,True,30.93,138.3,,66.71,2026-03-31
Llama 3.1 Nemotron Ultra 253B v1 (Reasoning),llama-3-1-nemotron-ultra-253b-v1-reasoning,NVIDIA,nvidia,cf095603-72b6-47f8-8ee1-09a42890f92a,15.0,13.1,63.7,61.73,0.825,0.728,0.081,0.641,0.347,0.952,0.747,0.6,1.8,0.9,Mid,41.67,0.694,48.693,,,,253.0,2026.0,True,16.67,96.17,,46.3,2026-03-31
NVIDIA Nemotron Nano 12B v2 VL (Reasoning),nvidia-nemotron-nano-12b-v2-vl-reasoning,NVIDIA,nvidia,6e6e02fd-9cbd-417f-9bfc-673df89c313d,14.9,11.8,75.0,46.8,0.759,0.572,0.053,0.694,0.262,,,0.2,0.6,0.3,Budget,131.48,0.216,15.427,,,,12.0,2026.0,True,49.67,178.38,,438.27,2026-03-31
Solar Pro 2 (Reasoning),solar-pro-2-reasoning,Upstage,upstage,eb689f7a-f210-4a87-b407-f249897f2764,14.9,12.1,61.3,59.1,0.805,0.687,0.07,0.616,0.302,0.967,0.69,,,,Unknown,,,,,,,,,True,,,,,2026-03-31
NVIDIA Nemotron Nano 9B V2 (Reasoning),nvidia-nemotron-nano-9b-v2-reasoning,NVIDIA,nvidia,f1d52583-9d20-4099-99ac-b5df9430c3b6,14.8,8.3,69.7,46.04,0.742,0.57,0.046,0.724,0.22,,,0.04,0.16,0.07,Budget,125.1,0.198,16.186,,,,9.0,2026.0,True,211.43,680.47,,1787.14,2026-03-31
Ministral 3 8B,ministral-3-8b,Mistral,mistral,9741f3c2-cbb1-4a3f-99ee-7bd7384d9038,14.8,10.0,31.7,33.34,0.642,0.471,0.043,0.303,0.208,,,0.15,0.15,0.15,Budget,202.66,0.305,0.305,,,,8.0,,True,98.67,238.55,,1351.07,2026-03-31
Qwen3.5 2B (Non-reasoning),qwen3-5-2b-non-reasoning,Alibaba,alibaba,0985ada8-2ed8-404d-bd8b-7357666ce40f,14.7,4.9,,18.63,,0.438,0.049,,0.072,,,0.02,0.1,0.04,Budget,290.49,0.41,0.41,,,,2.0,2026.0,True,367.5,475.09,,7262.15,2026-03-31
Gemini 2.0 Flash-Lite (Feb '25),gemini-2-0-flash-lite-001,Google,google,7b269763-ecc0-41ef-aa29-47ef632ac065,14.7,,,41.14,0.724,0.535,0.036,0.185,0.25,0.873,0.277,,,,Unknown,,,,,,,,,False,,,,,2026-03-31
NVIDIA Nemotron 3 Nano 4B,nvidia-nemotron-3-nano-4b,NVIDIA,nvidia,9ee13921-62a4-425a-a22b-df3302198d93,14.7,10.0,,24.17,,0.513,0.048,,0.164,,,,,,Unknown,,,,,,,4.0,2026.0,True,,,,,2026-03-31
Llama Nemotron Super 49B v1.5 (Non-reasoning),llama-nemotron-super-49b-v1-5,NVIDIA,nvidia,26c0b5df-efa7-470f-a65e-2d883329e493,14.6,10.5,8.0,37.87,0.692,0.481,0.043,0.29,0.238,0.77,0.137,0.1,0.4,0.175,Budget,49.88,0.246,0.246,,,,49.0,2026.0,True,83.43,234.84,,285.03,2026-03-31
Mistral Small 3.1,mistral-small-3-1,Mistral,mistral,24ac5b00-5f03-4c47-8e37-522d1195383e,14.5,13.9,3.7,34.83,0.659,0.454,0.048,0.212,0.265,0.707,0.093,0.1,0.3,0.15,Budget,155.69,0.437,0.437,,,,22.0,2024.0,True,96.67,249.2,,1037.93,2026-03-31
Qwen3 32B (Non-reasoning),qwen3-32b-instruct,Alibaba,alibaba,bf60740e-6aa5-422f-ba49-ef6e9d171205,14.5,,19.7,43.5,0.727,0.535,0.043,0.288,0.28,0.869,0.303,0.7,2.8,1.225,Mid,100.26,0.975,0.975,,,,32.0,2026.0,True,11.84,54.39,,81.85,2026-03-31
Gemini 2.0 Flash-Lite (Preview),gemini-2-0-flash-lite-preview,Google,google,3de55b83-e02b-412e-8211-315bbebe3e94,14.5,,,36.47,,0.542,0.044,0.179,0.247,0.873,0.303,,,,Unknown,,,,,,,,,False,,,,,2026-03-31
GPT-4o (May '24),gpt-4o-2024-05-13,OpenAI,openai,e98e911e-9fb2-4a9a-826e-3d681d0cdca8,14.5,24.2,,40.54,0.74,0.526,0.028,0.334,0.309,0.791,0.11,5.0,15.0,7.5,Premium,115.48,0.567,0.567,,,,200.0,2024.0,False,1.93,18.94,,15.4,2026-03-31
Llama 3.3 Instruct 70B,llama-3-3-instruct-70b,Meta,meta,976cc8ad-7904-4056-83c5-960181f47d5f,14.5,10.7,7.7,41.03,0.713,0.498,0.04,0.288,0.26,0.773,0.3,0.58,0.71,0.64,Mid,93.84,0.502,0.502,,,,70.0,2024.0,True,22.66,82.94,,146.62,2026-03-31
Kimi Linear 48B A3B Instruct,kimi-linear-48b-a3b-instruct,Kimi,kimi,598de97d-029e-47b6-96ec-dbc1e0f9045a,14.4,14.2,36.3,32.02,0.585,0.412,0.027,0.378,0.199,,,,,,Unknown,,,,,,,48.0,,True,,,,,2026-03-31
K2-V2 (low),k2-v2-low,MBZUAI Institute of Foundation Models,mbzuai,dae31abc-0587-44d0-ba53-f78e96b6e486,14.4,10.5,35.3,38.18,0.713,0.541,0.039,0.393,0.223,,,,,,Unknown,,,,,,,,,True,,,,,2026-03-31
Llama 3.1 Nemotron Nano 4B v1.1 (Reasoning),llama-3-1-nemotron-nano-4b-reasoning,NVIDIA,nvidia,b1fa84f8-1ed3-4124-b403-4655dafa4267,14.4,,50.0,46.61,0.556,0.408,0.051,0.493,0.101,0.947,0.707,,,,Unknown,,,,,,,4.0,2026.0,True,,,,,2026-03-31
Llama 3.3 Nemotron Super 49B v1 (Non-reasoning),llama-3-3-nemotron-super-49b,NVIDIA,nvidia,c4c3b42f-e0f0-48ca-b6f9-b296e7697806,14.3,7.6,7.7,38.96,0.698,0.517,0.035,0.28,0.229,0.775,0.193,,,,Unknown,,,,,,,49.0,2026.0,True,,,,,2026-03-31
Qwen3 VL 8B Instruct,qwen3-vl-8b-instruct,Alibaba,alibaba,3cf875b8-b6b5-42c0-ad70-617d5be59d00,14.3,7.3,27.3,32.96,0.686,0.427,0.029,0.332,0.174,,,0.18,0.7,0.31,Budget,140.71,1.018,1.018,,,,8.0,2026.0,True,46.13,122.06,,453.92,2026-03-31
Claude 3.5 Sonnet (June '24),claude-35-sonnet-june-24,Anthropic,anthropic,aca9c1ad-fc86-49f3-a312-b1e517ea100c,14.2,26.0,,40.93,0.751,0.56,0.037,,0.316,0.695,0.097,3.0,15.0,6.0,Premium,,,,,,,,,False,2.37,21.04,,,2026-03-31
Qwen3 4B (Reasoning),qwen3-4b-instruct-reasoning,Alibaba,alibaba,191a2097-cce3-49cf-881e-0c790892059f,14.2,,22.3,47.99,0.696,0.522,0.051,0.465,0.035,0.933,0.657,0.11,1.26,0.398,Budget,99.96,0.966,20.975,,,,4.0,2026.0,True,35.68,143.22,,251.15,2026-03-31
Llama 3.1 Tulu3 405B,tulu3-405b,Allen Institute for AI,ai2,f73f4711-9c61-40a7-a258-b71c14727f53,14.1,,,39.59,0.716,0.516,0.035,0.291,0.302,0.778,0.133,,,,Unknown,,,,,,,405.0,,True,,,,,2026-03-31
GPT-4o (ChatGPT),gpt-4o-chatgpt,OpenAI,openai,b4784397-aa28-411b-b011-9c4331bfa9c8,14.1,,,42.58,0.773,0.511,0.037,,0.334,0.797,0.103,,,,Unknown,,,,,,,200.0,2024.0,False,,,,,2026-03-31
Ring-flash-2.0,ring-flash-2-0,InclusionAI,inclusionai,47b7df55-5804-40de-ba11-317de786710a,14.0,10.6,83.7,48.06,0.793,0.725,0.089,0.628,0.168,,,0.14,0.57,0.247,Budget,91.41,1.667,23.546,,,,,,True,56.68,217.72,,370.09,2026-03-31
Pixtral Large,pixtral-large-2411,Mistral,mistral,de0beaf0-c951-487a-8eb4-3dd12e74122c,14.0,,2.3,36.84,0.701,0.505,0.036,0.261,0.292,0.714,0.07,2.0,6.0,3.0,Mid,54.37,0.432,0.432,,,,,2025.0,True,4.67,26.58,,18.12,2026-03-31
Grok 2 (Dec '24),grok-2-1212,xAI,xai,291a510a-dcc0-40df-8a80-b3aa31900a6c,13.9,,,38.86,0.709,0.51,0.038,0.267,0.285,0.778,0.133,,,,Unknown,,,,,,,314.0,2025.0,False,,,,,2026-03-31
Olmo 3.1 32B Think,olmo-3-1-32b-think,Allen Institute for AI,ai2,39b64e04-7a69-4aa2-9e2e-fe38c24681ec,13.9,9.8,77.3,48.04,0.763,0.591,0.06,0.695,0.293,,,0.0,0.0,0.0,Free,89.38,0.597,22.974,,,,32.0,,True,,,,,2026-03-31
Gemini 1.5 Flash (Sep '24),gemini-1-5-flash,Google,google,41faf421-118b-465b-b170-d200776580d1,13.8,,,38.93,0.68,0.463,0.035,0.273,0.267,0.827,0.18,,,,Unknown,,,,,,,,,False,,,,,2026-03-31
GPT-5 nano (minimal),gpt-5-nano-minimal,OpenAI,openai,05e45a36-b5c6-47a1-8adb-9ddc19add5b3,13.8,14.2,27.3,35.72,0.556,0.428,0.041,0.47,0.291,,,0.05,0.4,0.138,Budget,135.42,0.769,0.769,,,,8.0,2026.0,False,100.0,276.32,,981.3,2026-03-31
GPT-4 Turbo,gpt-4-turbo,OpenAI,openai,76aa6af5-fdc6-4739-a300-983f14e74a67,13.7,21.5,,37.07,0.694,,0.033,0.291,0.319,0.737,0.15,10.0,30.0,15.0,Premium,34.78,0.917,0.917,,,,220.0,2024.0,False,0.91,13.37,,2.32,2026-03-31
Qwen3 VL 4B (Reasoning),qwen3-vl-4b-reasoning,Alibaba,alibaba,f93d0750-b659-4ceb-a123-7e657904ef2b,13.7,6.7,25.7,34.58,0.7,0.494,0.044,0.32,0.171,,,,,,Unknown,,,,,,,4.0,2026.0,True,,,,,2026-03-31
Solar Pro 2 (Non-reasoning),solar-pro-2,Upstage,upstage,44db6283-aa82-4799-af4a-679fe0530845,13.6,11.3,30.0,47.39,0.75,0.561,0.038,0.424,0.248,0.889,0.407,,,,Unknown,,,,,,,,,True,,,,,2026-03-31
Llama 4 Scout,llama-4-scout,Meta,meta,adf9a85e-abc3-4f28-937b-db6655cc5238,13.5,6.7,14.0,42.54,0.752,0.587,0.043,0.299,0.17,0.844,0.283,0.17,0.66,0.292,Budget,129.62,0.436,0.436,,,,109.0,2026.0,True,46.23,166.06,,443.91,2026-03-31
Command A,command-a,Cohere,cohere,3bc32f13-5afa-4e28-bce1-10e57376686b,13.5,9.9,13.0,39.56,0.712,0.527,0.046,0.287,0.281,0.819,0.097,2.5,10.0,4.375,Mid,40.98,0.552,0.552,,,,111.0,2025.0,False,3.09,23.52,,9.37,2026-03-31
Nova Pro,nova-pro,Amazon,aws,546ec53f-273c-4af7-b13f-b88c41f45905,13.5,11.0,7.0,36.54,0.691,0.499,0.034,0.233,0.208,0.786,0.107,0.8,3.2,1.4,Mid,,,,,,,50.0,2024.0,False,9.64,41.74,,,2026-03-31
Llama 3.1 Nemotron Instruct 70B,llama-3-1-nemotron-instruct-70b,NVIDIA,nvidia,7393c56a-ec31-48e9-b804-c04f2d2cb641,13.4,10.8,11.0,36.9,0.69,0.465,0.046,0.169,0.233,0.733,0.247,1.2,1.2,1.2,Mid,35.74,0.331,0.331,,,,70.0,2026.0,True,11.17,46.8,,29.79,2026-03-31
Grok Beta,grok-beta,xAI,xai,a04f5b78-f397-4fd8-a2b1-00dcab50324c,13.3,,,37.1,0.703,0.471,0.047,0.241,0.295,0.737,0.103,,,,Unknown,,,,,,,,,False,,,,,2026-03-31
NVIDIA Nemotron 3 Nano 30B A3B (Non-reasoning),nvidia-nemotron-3-nano-30b-a3b,NVIDIA,nvidia,23b379f7-18df-492a-9fc1-a56c5a5b9cfc,13.2,15.8,13.3,32.28,0.579,0.399,0.046,0.36,0.23,,,0.05,0.2,0.087,Budget,80.4,0.261,0.261,,,,30.0,2026.0,True,151.72,386.95,,924.2,2026-03-31
NVIDIA Nemotron Nano 9B V2 (Non-reasoning),nvidia-nemotron-nano-9b-v2,NVIDIA,nvidia,2e8694f9-7782-47a6-a6ba-fdce89d939c8,13.2,7.5,62.3,44.92,0.739,0.557,0.04,0.701,0.209,,,0.05,0.195,0.086,Budget,150.16,0.595,0.595,,,,9.0,2026.0,True,153.49,544.48,,1746.03,2026-03-31
Qwen2.5 Instruct 32B,qwen2.5-32b-instruct,Alibaba,alibaba,1d0db5a3-3132-4213-a94b-c2e395d08283,13.2,,,37.04,0.697,0.466,0.038,0.248,0.229,0.805,0.11,,,,Unknown,,,,,,,32.0,,True,,,,,2026-03-31
Qwen3 8B (Reasoning),qwen3-8b-instruct-reasoning,Alibaba,alibaba,9dba61f5-78ee-4190-8d1d-8e7063ffd386,13.2,9.0,19.0,52.24,0.743,0.589,0.042,0.406,0.226,0.904,0.747,0.18,2.1,0.66,Mid,86.15,0.925,24.14,,,,8.0,2026.0,True,20.0,103.08,,130.53,2026-03-31
Mistral Large 2 (Jul '24),mistral-large-2407,Mistral,mistral,1b05e346-e86a-4a20-8feb-7da8c65a99aa,13.0,,0.0,36.17,0.683,0.472,0.032,0.267,0.271,0.714,0.093,2.0,6.0,3.0,Mid,,,,,,,123.0,2025.0,True,4.33,26.09,,,2026-03-31
GPT-4.1 nano,gpt-4-1-nano,OpenAI,openai,72c358fd-7d45-4d68-89aa-699743710924,13.0,11.2,24.0,41.11,0.657,0.512,0.039,0.326,0.259,0.848,0.237,0.1,0.4,0.175,Budget,155.0,0.487,0.487,,,,,,False,74.29,254.94,,885.73,2026-03-31
Qwen3 4B 2507 Instruct,qwen3-4b-2507-instruct,Alibaba,alibaba,b0249961-b8b2-479d-8325-a29ea17c7b89,12.9,9.1,52.3,35.88,0.672,0.517,0.047,0.377,0.181,,,,,,Unknown,,,,,,,4.0,2026.0,True,,,,,2026-03-31
Qwen2.5 Coder Instruct 32B,qwen2-5-coder-32b-instruct,Alibaba,alibaba,04586102-6a28-48f8-a82e-85775d7ed779,12.9,,,36.33,0.635,0.417,0.038,0.295,0.271,0.767,0.12,,,,Unknown,,,,,,,32.0,,True,,,,,2026-03-31
Qwen3 14B (Non-reasoning),qwen3-14b-instruct,Alibaba,alibaba,ecc6524a-d521-458a-8327-5009e8ce6549,12.8,12.4,58.0,41.19,0.675,0.47,0.042,0.28,0.265,0.871,0.28,0.35,1.4,0.613,Mid,66.03,0.993,0.993,,,,14.0,2026.0,True,20.88,86.15,,107.71,2026-03-31
GPT-4,gpt-4,OpenAI,openai,6a7c0e25-1dcb-4b15-8495-a8536a9da051,12.8,13.1,,,,,,,,,,30.0,60.0,37.5,Ultra,37.18,0.769,0.769,1443.0,3.0,83051.0,,,False,0.34,,25.33,0.99,2026-03-31
Mistral Small 3,mistral-small-3,Mistral,mistral,e5dd499f-c330-45ec-9ff0-a99209c82af7,12.7,,4.3,34.83,0.652,0.462,0.041,0.252,0.236,0.715,0.08,0.1,0.3,0.15,Budget,161.67,0.419,0.419,,,,22.0,2024.0,True,84.67,249.2,,1077.79,2026-03-31
Nova Lite,nova-lite,Amazon,aws,5c3dd927-48a3-4f3c-8045-9b135f62dfbb,12.7,5.1,7.0,32.1,0.59,0.433,0.046,0.167,0.139,0.765,0.107,0.06,0.24,0.105,Budget,203.1,0.38,0.38,,,,20.0,2024.0,False,120.95,321.5,,1934.26,2026-03-31
GLM-4.5V (Non-reasoning),glm-4-5v,Z AI,zai,0081ab31-d10a-44a0-a10d-eee5533fec65,12.7,10.8,15.3,38.0,0.751,0.573,0.036,0.352,0.188,,,0.6,1.8,0.9,Mid,50.86,27.343,27.343,,,,,,True,14.11,59.2,,56.52,2026-03-31
Gemini 2.5 Flash-Lite (Non-reasoning),gemini-2-5-flash-lite,Google,google,1d81aa1c-64c8-442a-9c41-81b37e407b91,12.7,7.4,35.3,46.26,0.724,0.474,0.037,0.4,0.177,0.926,0.5,0.1,0.4,0.175,Budget,380.8,0.292,0.292,,,,,,False,72.57,286.83,,2175.99,2026-03-31
GPT-4o mini,gpt-4o-mini,OpenAI,openai,b5c1c91a-7474-4409-9a9c-9c2ac45d9eb6,12.6,,14.7,35.47,0.648,0.426,0.04,0.234,0.229,0.789,0.117,0.15,0.6,0.263,Budget,55.45,0.577,0.577,,,,8.0,2025.0,False,47.91,151.92,,210.83,2026-03-31
Hermes 4 - Llama-3.1 70B (Non-reasoning),hermes-4-llama-3-1-70b,Nous Research,nous-research,235060f4-057d-4bd1-8b8e-4a92908c770e,12.6,9.2,11.3,34.74,0.664,0.491,0.036,0.269,0.277,,,0.13,0.4,0.198,Budget,71.39,0.587,0.587,,,,70.0,2024.0,True,63.64,192.3,,360.57,2026-03-31
Llama 3.1 Instruct 70B,llama-3-1-instruct-70b,Meta,meta,466aecdb-3d96-4191-bc52-b3366db38851,12.5,10.9,4.0,35.03,0.676,0.409,0.046,0.232,0.267,0.649,0.173,0.56,0.56,0.56,Mid,31.79,0.562,0.562,,,,70.0,2024.0,True,22.32,78.77,,56.77,2026-03-31
Qwen3 4B (Non-reasoning),qwen3-4b-instruct,Alibaba,alibaba,e46198a7-cd29-4afd-933d-cdf180f0f305,12.5,,,35.39,0.586,0.398,0.037,0.233,0.167,0.843,0.213,0.11,0.42,0.188,Budget,103.91,0.953,0.953,,,,4.0,2026.0,True,66.49,205.41,,552.72,2026-03-31
DeepSeek-V2.5 (Dec '24),deepseek-v2-5,DeepSeek,deepseek,bc4579d2-9c46-46c3-ace0-454039bf21bb,12.5,,,76.3,,,,,,0.763,,,,,Unknown,,,,,,,,2024.0,True,,,,,2026-03-31
Qwen3 30B A3B (Non-reasoning),qwen3-30b-a3b-instruct,Alibaba,alibaba,f3169f25-8c6f-48e4-ae87-0cf872dc0ec1,12.5,13.3,21.7,42.57,0.71,0.515,0.046,0.322,0.264,0.863,0.26,0.2,0.8,0.35,Budget,68.36,1.183,1.183,,,,30.0,2026.0,True,35.71,141.86,,195.32,2026-03-31
Gemini 2.0 Flash Thinking Experimental (Dec '24),gemini-2-0-flash-thinking-exp-1219,Google,google,dfeeb904-e784-4d5c-ad66-9400146b150b,12.3,,,48.0,,,,,,0.48,,,,,Unknown,,,,,,,,,False,,,,,2026-03-31
Claude 3 Haiku,claude-3-haiku,Anthropic,anthropic,1fc54cef-d179-48b1-a27d-046874e9b208,12.3,6.7,,19.28,,0.374,0.039,0.154,0.186,0.394,0.01,0.25,1.25,0.5,Mid,132.13,0.444,0.444,,,,20.0,2024.0,False,24.6,47.56,,264.26,2026-03-31
Sarvam 30B (high),sarvam-30b,Sarvam,sarvam,764dd095-6ebd-4760-8eb3-cbc40964db2e,12.3,7.9,,29.83,,0.633,0.07,,0.192,,,0.0,0.0,0.0,Free,158.59,1.219,13.83,,,,30.0,,True,,,,,2026-03-31
DeepSeek-V2.5,deepseek-v2-5-sep-2024,DeepSeek,deepseek,8a24865b-90d9-4e2b-a2fd-6851c2e9d627,12.3,,,,,,,,,,,,,,Unknown,,,,,,,,2024.0,True,,,,,2026-03-31
Olmo 3.1 32B Instruct,olmo-3-1-32b-instruct,Allen Institute for AI,ai2,94a6d26e-a903-47f3-8323-ae422d237bb9,12.2,5.6,,25.17,,0.539,0.049,,0.167,,,0.2,0.6,0.3,Budget,53.98,0.236,0.236,,,,32.0,,True,40.67,95.92,,179.94,2026-03-31
Olmo 3 32B Think,olmo-3-32b-think,Allen Institute for AI,ai2,c8a3fa87-735e-49a9-afb1-270c5e9f53f7,12.1,10.5,73.7,47.72,0.759,0.61,0.059,0.672,0.286,,,,,,Unknown,,,,,,,32.0,,True,,,,,2026-03-31
Mistral Saba,mistral-saba,Mistral,mistral,7a7b52f6-fdef-4dae-9203-58c710ccc81d,12.1,,,35.4,0.611,0.424,0.041,,0.241,0.677,0.13,,,,Unknown,,,,,,,,,True,,,,,2026-03-31
DeepSeek R1 Distill Llama 8B,deepseek-r1-distill-llama-8b,DeepSeek,deepseek,0e49fe2d-dd3c-4ae5-b56f-a1c89e14b89e,12.1,,41.3,34.64,0.543,0.302,0.042,0.233,0.119,0.853,0.333,,,,Unknown,,,,,,,671.0,2025.0,True,,,,,2026-03-31
R1 1776,r1-1776,Perplexity,perplexity,98e3230e-cee1-4c19-b9f8-b6b6a826ca93,12.0,,,95.4,,,,,,0.954,,,,,Unknown,,,,,,,,2025.0,True,,,,,2026-03-31
Reka Flash (Sep '24),reka-flash,Reka AI,reka-ai,a971b0c0-4c0f-484a-b018-e36b5be3409e,12.0,,,52.9,,,,,,0.529,,0.2,0.8,0.35,Budget,84.84,1.236,1.236,,,,,,True,34.29,176.27,,242.39,2026-03-31
Qwen2.5 Turbo,qwen-turbo,Alibaba,alibaba,352f834f-a03c-4117-8a29-c3ccd8a568ce,12.0,,,33.23,0.633,0.41,0.042,0.163,0.153,0.805,0.12,0.05,0.2,0.087,Budget,67.52,1.114,1.114,,,,,,True,137.93,398.32,,776.11,2026-03-31
Gemini 1.5 Pro (May '24),gemini-1-5-pro-may-2024,Google,google,16f2578b-1b28-4be3-b371-700c2677bcd6,12.0,19.8,,33.4,0.657,0.371,0.039,0.244,0.274,0.673,0.08,,,,Unknown,,,,,,,,,False,,,,,2026-03-31
Llama 3.2 Instruct 90B (Vision),llama-3-2-instruct-90b-vision,Meta,meta,9ca71ac4-41c8-42c0-87dd-5704a9e5b94d,11.9,,,32.64,0.671,0.432,0.049,0.214,0.24,0.629,0.05,0.72,0.72,0.72,Mid,42.15,0.377,0.377,,,,90.0,2024.0,True,16.53,60.19,,58.55,2026-03-31
Solar Mini,solar-mini,Upstage,upstage,d97713f2-afa6-4f8d-b2f3-ac89a24c4d6c,11.9,,,33.1,,,,,,0.331,,0.15,0.15,0.15,Budget,93.98,1.53,1.53,,,,,,True,79.33,236.83,,626.54,2026-03-31
Llama 3.1 Instruct 8B,llama-3-1-instruct-8b,Meta,meta,739684ba-0f63-4e2a-b4ee-30741c9e9320,11.8,4.9,4.3,23.29,0.476,0.259,0.051,0.116,0.132,0.519,0.077,0.1,0.1,0.1,Budget,179.41,0.465,0.465,,,,8.0,2024.0,True,118.0,244.32,,1794.12,2026-03-31
EXAONE 4.0 32B (Non-reasoning),exaone-4-0-32b,LG AI Research,lg,2f60d80d-c3d3-4a43-bded-0557898c4618,11.7,9.4,39.3,51.11,0.768,0.628,0.049,0.472,0.252,0.939,0.47,,,,Unknown,,,,,,,32.0,2025.0,True,,,,,2026-03-31
Grok-1,grok-1,xAI,xai,4c111fbc-d13a-42b4-858c-1dc17fe3c1d1,11.7,,,,,,,,,,,,,,Unknown,,,,,,,,,False,,,,,2026-03-31
Qwen2 Instruct 72B,qwen2-72b-instruct,Alibaba,alibaba,7656c62b-5345-435b-bf12-b6ce2ca0d58d,11.7,,,32.37,0.622,0.371,0.037,0.159,0.229,0.701,0.147,,,,Unknown,,,,,,,72.0,,True,,,,,2026-03-31
Ministral 3 3B,ministral-3-3b,Mistral,mistral,66f4ce73-9a9b-4b49-9c6e-bedb9bfdc720,11.2,4.8,22.0,26.52,0.524,0.358,0.053,0.247,0.144,,,0.1,0.1,0.1,Budget,293.7,0.252,0.252,,,,3.0,,True,112.0,278.25,,2936.96,2026-03-31
Gemini 1.5 Flash-8B,gemini-1-5-flash-8b,Google,google,94229066-9381-4ee1-bf70-a16d63756a6e,11.1,,,30.59,0.569,0.359,0.045,0.217,0.229,0.689,0.033,,,,Unknown,,,,,,,8.0,,False,,,,,2026-03-31
Jamba 1.7 Large,jamba-1-7-large,AI21 Labs,ai21-labs,78452c64-7303-4192-bca5-2d9ec5c623d4,10.9,7.8,2.3,29.01,0.577,0.39,0.038,0.181,0.188,0.6,0.057,2.0,8.0,3.5,Mid,57.56,0.766,0.766,,,,,2024.0,True,3.11,19.29,,16.45,2026-03-31
DeepHermes 3 - Mistral 24B Preview (Non-reasoning),deephermes-3-mistral-24b-preview,Nous Research,nous-research,a8efb564-9d17-4d7f-8f43-e9110657ce21,10.9,,,29.51,0.58,0.382,0.039,0.195,0.228,0.595,0.047,,,,Unknown,,,,,,,24.0,,True,,,,,2026-03-31
Granite 4.0 H Small,granite-4-0-h-small,IBM,ibm,5dba8d07-9992-483c-81db-dac97cb15ba8,10.8,8.5,13.7,30.74,0.624,0.416,0.037,0.251,0.209,,,0.06,0.25,0.107,Budget,326.34,8.67,8.67,,,,,2026.0,True,100.93,302.4,,3049.93,2026-03-31
Jamba 1.5 Large,jamba-1-5-large,AI21 Labs,ai21-labs,b4ddb4c8-1400-44ab-8c2b-e2472088e7ff,10.7,,,28.54,0.572,0.427,0.04,0.143,0.163,0.606,0.047,2.0,8.0,3.5,Mid,,,,,,,,2024.0,True,3.06,18.98,,,2026-03-31
Qwen3 Omni 30B A3B Instruct,qwen3-omni-30b-a3b-instruct,Alibaba,alibaba,0b226b82-1462-4860-bf1a-f8aed7024791,10.7,7.2,52.3,40.08,0.725,0.62,0.051,0.422,0.186,,,0.25,0.97,0.43,Budget,107.69,0.868,0.868,,,,30.0,2026.0,True,24.88,112.06,,250.44,2026-03-31
OLMo 2 32B,olmo-2-32b,Allen Institute for AI,ai2,54442579-2a4d-40cc-b264-bc4ff29e311a,10.6,2.7,3.3,20.48,0.511,0.328,0.037,0.068,0.08,,,,,,Unknown,,,,,,,32.0,2025.0,True,,,,,2026-03-31
Hermes 3 - Llama-3.1 70B,hermes-3-llama-3-1-70b,Nous Research,nous-research,1dcea4f7-7e8b-49f8-abe2-5860ff9f349e,10.6,,,28.47,0.571,0.401,0.041,0.188,0.231,0.538,0.023,0.3,0.3,0.3,Budget,40.3,0.306,0.306,,,,70.0,2024.0,True,35.33,108.52,,134.34,2026-03-31
Qwen3 8B (Non-reasoning),qwen3-8b-instruct,Alibaba,alibaba,b2dd592a-fbc5-458a-b26d-f3964cbab82f,10.6,7.1,24.3,36.63,0.643,0.452,0.028,0.202,0.168,0.828,0.243,0.18,0.7,0.31,Budget,81.03,0.971,0.971,,,,8.0,2026.0,True,34.19,135.65,,261.39,2026-03-31
Jamba 1.6 Large,jamba-1-6-large,AI21 Labs,ai21-labs,92b19c88-fa87-4595-957e-fe9aa5fa5ad4,10.6,,,28.21,0.565,0.387,0.04,0.172,0.184,0.58,0.047,2.0,8.0,3.5,Mid,55.29,0.758,0.758,,,,,2024.0,True,3.03,18.76,,15.8,2026-03-31
DeepSeek-Coder-V2,deepseek-coder-v2,DeepSeek,deepseek,8f0a75d6-8d00-4c2e-bcd4-8e88a570a93c,10.6,,,74.3,,,,,,0.743,,,,,Unknown,,,,,,,,,True,,,,,2026-03-31
Qwen3.5 0.8B (Reasoning),qwen3-5-0-8b,Alibaba,alibaba,a6ea7ec0-0aca-4442-98fb-4296c6d18b31,10.5,0.0,,4.1,,0.111,0.012,,0.0,,,0.01,0.05,0.02,Budget,387.22,0.192,5.357,,,,8.0,2026.0,True,525.0,207.04,,19361.05,2026-03-31
Gemini 1.5 Flash (May '24),gemini-1-5-flash-may-2024,Google,google,ac48c49d-9e77-4394-ac4e-d1ee51fd5fee,10.5,,,28.06,0.574,0.324,0.042,0.196,0.181,0.554,0.093,,,,Unknown,,,,,,,,,False,,,,,2026-03-31
LFM2 24B A2B,lfm2-24b-a2b,Liquid AI,liquidai,fbc58677-e324-4b45-a979-7fd8eec555cd,10.5,3.6,,20.9,,0.474,0.044,,0.109,,,0.03,0.12,0.052,Budget,81.22,0.205,0.205,,,,24.0,2025.0,True,201.92,412.28,,1561.9,2026-03-31
Phi-4,phi-4,Microsoft Azure,azure,ee708f92-374e-4123-b900-e22d7b2afc19,10.4,11.2,18.0,39.63,0.714,0.575,0.041,0.231,0.26,0.81,0.143,0.125,0.5,0.219,Budget,37.56,0.397,0.397,,,,14.0,2025.0,True,47.49,200.11,,171.48,2026-03-31
Gemma 3 27B Instruct,gemma-3-27b,Google,google,2bfdd17a-e027-4068-a54e-b0e90a6df118,10.3,9.6,20.7,37.56,0.669,0.428,0.047,0.137,0.212,0.883,0.253,0.0,0.0,0.0,Free,32.21,0.858,0.858,,,,27.0,2025.0,True,,,,,2026-03-31
Claude 3 Sonnet,claude-3-sonnet,Anthropic,anthropic,b2e68f0a-8f66-4e4c-9821-2b786cea601b,10.3,,,26.89,0.579,0.4,0.038,0.175,0.229,0.414,0.047,3.0,15.0,6.0,Premium,,,,,,,,,False,1.72,13.82,,,2026-03-31
Nova Micro,nova-micro,Amazon,aws,344c6718-c573-41d4-9556-10287a3fa1fc,10.3,4.1,6.0,27.9,0.531,0.358,0.047,0.14,0.094,0.703,0.08,0.035,0.14,0.061,Budget,334.32,0.354,0.354,,,,8.0,2024.0,False,168.85,471.19,,5480.74,2026-03-31
Mistral Small (Sep '24),mistral-small,Mistral,mistral,7c045ca0-b331-488d-af31-df0fd331dfd1,10.2,,,26.8,0.529,0.381,0.043,0.141,0.156,0.563,0.063,0.2,0.6,0.3,Budget,159.26,0.396,0.396,,,,22.0,2024.0,True,34.0,102.15,,530.85,2026-03-31
Phi-3 Mini Instruct 3.8B,phi-3-mini,Microsoft Azure,azure,ded8d96e-835f-4359-947a-a4c3bb78e983,10.1,3.0,0.3,21.44,0.435,0.319,0.044,0.116,0.09,0.457,0.04,,,,Unknown,,,,,,,,2024.0,True,,,,,2026-03-31
Gemini 1.0 Ultra,gemini-1-0-ultra,Google,google,2ae624ca-25b4-4cc8-8970-cdfdd3320691,10.1,17.6,,,,,,,,,,,,,Unknown,,,,,,,,,False,,,,,2026-03-31
Gemma 3n E4B Instruct Preview (May '25),gemma-3n-e4b-preview-0520,Google,google,bd2c3517-00d8-4ba5-a989-1f1e52f3ffab,10.1,,,27.0,0.483,0.278,0.049,0.138,0.086,0.749,0.107,,,,Unknown,,,,,,,4.0,2025.0,True,,,,,2026-03-31
NVIDIA Nemotron Nano 12B v2 VL (Non-reasoning),nvidia-nemotron-nano-12b-v2-vl,NVIDIA,nvidia,ab7f016c-a29b-4710-bdf6-6a5cd96aacca,10.1,5.9,26.7,33.08,0.649,0.439,0.045,0.345,0.176,,,0.2,0.6,0.3,Budget,136.62,0.533,0.533,,,,12.0,2026.0,True,33.67,126.08,,455.4,2026-03-31
Phi-4 Multimodal Instruct,phi-4-multimodal,Microsoft Azure,azure,2cd04201-2b6e-47ef-853e-7601f705f2a8,10.0,,,26.73,0.485,0.315,0.044,0.131,0.11,0.693,0.093,0.0,0.0,0.0,Free,17.08,0.798,0.798,,,,14.0,2025.0,True,,,,,2026-03-31
Qwen2.5 Coder Instruct 7B ,qwen2-5-coder-7b-instruct,Alibaba,alibaba,e410e854-104d-4b35-a171-899ff9d974bb,10.0,,,26.39,0.473,0.339,0.048,0.126,0.148,0.66,0.053,,,,Unknown,,,,,,,7.0,,True,,,,,2026-03-31
Qwen3.5 0.8B (Non-reasoning),qwen3-5-0-8b-non-reasoning,Alibaba,alibaba,405e2235-0925-4634-a3c7-fbd5f6394bc0,9.9,1.0,,10.47,,0.236,0.049,,0.029,,,0.01,0.05,0.02,Budget,414.72,0.199,0.199,,,,8.0,2026.0,True,495.0,528.55,,20735.85,2026-03-31
Mistral Large (Feb '24),mistral-large,Mistral,mistral,5e4e4590-a77e-4b66-95f8-f3960a1a7c68,9.9,,,25.9,0.515,0.351,0.034,0.178,0.208,0.527,0.0,4.0,12.0,6.0,Premium,,,,,,,123.0,2025.0,True,1.65,13.31,,,2026-03-31
Mixtral 8x22B Instruct,mistral-8x22b-instruct,Mistral,mistral,ca6c1412-f3c1-4391-9231-f83a702aa7af,9.8,,,25.59,0.537,0.332,0.041,0.148,0.188,0.545,0.0,,,,Unknown,,,,,,,22.0,,True,,,,,2026-03-31
Llama 2 Chat 7B,llama-2-chat-7b,Meta,meta,ffd65ef7-fbdb-4145-98ae-b5d01cda770b,9.7,,,7.29,0.164,0.227,0.058,0.002,0.0,0.059,0.0,0.05,0.25,0.1,Budget,112.8,10.535,10.535,,,,7.0,2023.0,True,97.0,76.44,,1128.02,2026-03-31
Llama 3.2 Instruct 3B,llama-3-2-instruct-3b,Meta,meta,71e8d48c-1920-4f27-8ea9-1f10becc615a,9.7,,3.3,19.21,0.347,0.255,0.052,0.083,0.052,0.489,0.067,0.085,0.085,0.085,Budget,50.91,0.334,0.334,,,,3.0,2024.0,True,114.12,235.53,,598.95,2026-03-31
Jamba Reasoning 3B,jamba-reasoning-3b,AI21 Labs,ai21-labs,f78138d6-2e04-4a84-919a-20d177cb6ff1,9.6,2.5,10.7,24.5,0.577,0.333,0.046,0.21,0.059,,,,,,Unknown,,,,,,,3.0,2024.0,True,,,,,2026-03-31
Qwen3 VL 4B Instruct,qwen3-vl-4b-instruct,Alibaba,alibaba,f5d83128-047f-496d-ba49-8a428abe8345,9.6,4.5,37.0,29.38,0.634,0.371,0.037,0.29,0.137,,,,,,Unknown,,,,,,,4.0,2026.0,True,,,,,2026-03-31
Qwen1.5 Chat 110B,qwen1.5-110b-chat,Alibaba,alibaba,d1768b3a-0a21-4e08-b3f6-56a9ab6cfbf3,9.5,,,28.9,,0.289,,,,,,,,,Unknown,,,,,,,110.0,,True,,,,,2026-03-31
Reka Flash 3,reka-flash-3,Reka AI,reka-ai,dbbcf240-a69e-4078-8f16-7c94c7a8c514,9.5,8.9,33.7,47.91,0.669,0.529,0.051,0.435,0.267,0.893,0.51,0.2,0.8,0.35,Budget,91.93,1.24,22.996,,,,,,True,27.14,159.66,,262.65,2026-03-31
Olmo 3 7B Think,olmo-3-7b-think,Allen Institute for AI,ai2,338216fb-62c2-48f1-898a-9166d12fb35e,9.4,7.6,70.7,41.14,0.655,0.516,0.057,0.617,0.212,,,,,,Unknown,,,,,,,7.0,,True,,,,,2026-03-31
OLMo 2 7B,olmo-2-7b,Allen Institute for AI,ai2,f818a7bb-6f23-4b24-8d52-6b9c1a5ca628,9.3,1.2,0.7,14.06,0.282,0.288,0.055,0.041,0.037,,,,,,Unknown,,,,,,,7.0,2025.0,True,,,,,2026-03-31
Claude 2.1,claude-21,Anthropic,anthropic,9e141c0d-fc82-4e07-bb2e-fe0003bc030b,9.3,14.0,,23.46,0.495,0.319,0.042,0.195,0.184,0.374,0.033,,,,Unknown,,,,,,,,2023.0,False,,,,,2026-03-31
Ling-mini-2.0,ling-mini-2-0,InclusionAI,inclusionai,3d64bf83-232e-427e-8590-26b478bae4a8,9.2,5.0,49.3,36.94,0.671,0.562,0.05,0.429,0.135,,,,,,Unknown,,,,,,,,,True,,,,,2026-03-31
Molmo 7B-D,molmo-7b-d,Allen Institute for AI,ai2,af74f222-05c7-422d-a653-b9c0707c9c72,9.2,1.2,0.0,14.74,0.371,0.24,0.051,0.039,0.036,,,,,,Unknown,,,,,,,7.0,,True,,,,,2026-03-31
DeepSeek R1 Distill Qwen 1.5B,deepseek-r1-distill-qwen-1-5b,DeepSeek,deepseek,444cdb1e-bab8-42cd-938c-b2d7a93e2da1,9.1,,22.0,20.0,0.269,0.098,0.033,0.07,0.066,0.687,0.177,,,,Unknown,,,,,,,671.0,2025.0,True,,,,,2026-03-31
Claude 2.0,claude-2,Anthropic,anthropic,ddc748d0-6a9b-466b-8d6c-68417980d56d,9.1,12.9,,23.9,0.486,0.344,,0.171,0.194,,0.0,,,,Unknown,,,,,,,,2023.0,False,,,,,2026-03-31
DeepSeek-V2-Chat,deepseek-v2,DeepSeek,deepseek,2d19c2d1-062d-436e-b2c2-3d3ecad34acc,9.1,,,,,,,,,,,,,,Unknown,,,,,,,,2024.0,True,,,,,2026-03-31
Mistral Medium,mistral-medium,Mistral,mistral,1f05af98-1ec6-4506-a0b8-57a8c9b63878,9.0,,,21.9,0.491,0.349,0.034,0.099,0.118,0.405,0.037,2.75,8.1,4.088,Mid,66.37,0.52,0.52,,,,,2025.0,True,2.2,13.46,,16.23,2026-03-31
GPT-3.5 Turbo,gpt-35-turbo,OpenAI,openai,037dec2f-51e8-4127-a1f1-85155dae7a1d,9.0,10.7,,40.0,0.462,0.297,,,,0.441,,0.5,1.5,0.75,Mid,111.28,0.464,0.464,,,,,,False,12.0,71.48,,148.37,2026-03-31
Mistral Small (Feb '24),mistral-small-2402,Mistral,mistral,35d602fc-b8b8-4698-9f4d-f2ce11ca50e4,9.0,,,22.56,0.419,0.302,0.044,0.111,0.134,0.562,0.007,1.0,3.0,1.5,Mid,162.23,0.408,0.408,,,,22.0,2024.0,True,6.0,24.62,,108.16,2026-03-31
Llama 3 Instruct 70B,llama-3-instruct-70b,Meta,meta,aa83359a-d804-4f0b-b5bf-dc637711c26f,8.9,6.8,,26.67,0.574,0.379,0.044,0.198,0.189,0.483,0.0,0.58,1.745,0.871,Mid,40.6,0.472,0.472,,,,70.0,2024.0,True,10.22,42.57,,46.62,2026-03-31
Gemma 3 12B Instruct,gemma-3-12b,Google,google,2e6400f5-85ca-4ebc-ba8f-c2811a631138,8.8,6.3,18.3,33.94,0.595,0.349,0.048,0.137,0.174,0.853,0.22,0.0,0.0,0.0,Free,32.17,46.228,46.228,,,,12.0,2025.0,True,,,,,2026-03-31
Arctic Instruct,arctic-instruct,Snowflake,snowflake,b3735511-c6ff-4928-8d72-2181444a4eb3,8.8,,,,,,,,,,,,,,Unknown,,,,,,,,,True,,,,,2026-03-31
LFM 40B,lfm-40b,Liquid AI,liquidai,1299b9a8-af50-4742-a58b-24ff7eb48f9f,8.8,,,21.01,0.425,0.327,0.049,0.096,0.071,0.48,0.023,,,,Unknown,,,,,,,40.0,2025.0,True,,,,,2026-03-31
Qwen Chat 72B,qwen-chat-72b,Alibaba,alibaba,41f73c27-880c-4f30-8b07-9999ce89a4ae,8.8,,,,,,,,,,,,,,Unknown,,,,,,,72.0,,True,,,,,2026-03-31
Llama 3.2 Instruct 11B (Vision),llama-3-2-instruct-11b-vision,Meta,meta,5fb47ff6-a30e-4c2c-96f2-55e95a13390f,8.7,4.3,1.7,22.4,0.464,0.221,0.052,0.11,0.112,0.516,0.093,0.16,0.16,0.16,Budget,86.42,0.363,0.363,,,,11.0,2024.0,True,54.37,150.92,,540.11,2026-03-31
PALM-2,palm-2,Google,google,515852e7-ba9c-4571-8cf9-82ad6b45f22f,8.6,4.6,,,,,,,,,,,,,Unknown,,,,,,,,2023.0,False,,,,,2026-03-31
DeepSeek Coder V2 Lite Instruct,deepseek-coder-v2-lite,DeepSeek,deepseek,c7327e6e-b27f-4b1b-859d-159a34e0ba1c,8.5,,,21.96,0.429,0.319,0.053,0.158,0.139,,,,,,Unknown,,,,,,,,,True,,,,,2026-03-31
Gemini 1.0 Pro,gemini-1-0-pro,Google,google,8ddacd41-bf43-411b-aa30-43ebf0567dd8,8.5,,,19.96,0.431,0.277,0.046,0.116,0.117,0.403,0.007,,,,Unknown,,,,,,,,,False,,,,,2026-03-31
DeepSeek LLM 67B Chat (V1),deepseek-llm-67b-chat,DeepSeek,deepseek,7764d514-694f-444c-8d60-bdc6e24e223f,8.4,,,,,,,,,,,,,,Unknown,,,,,,,67.0,,True,,,,,2026-03-31
Phi-4 Mini Instruct,phi-4-mini,Microsoft Azure,azure,9f873c2f-2c2d-4ccb-9e1b-71bf61b052be,8.4,3.6,6.7,25.69,0.465,0.331,0.042,0.126,0.108,0.696,0.03,0.0,0.0,0.0,Free,44.63,0.315,0.315,,,,3.8,2025.0,True,,,,,2026-03-31
Llama 2 Chat 13B,llama-2-chat-13b,Meta,meta,6b08a75a-19ee-40b4-be33-133b8ef42f92,8.4,,,19.09,0.406,0.321,0.047,0.098,0.118,0.329,0.017,,,,Unknown,,,,,,,13.0,2023.0,True,,,,,2026-03-31
Llama 2 Chat 70B,llama-2-chat-70b,Meta,meta,599da8e0-bd9c-4b38-a127-b50e371fbcf8,8.4,,,20.07,0.406,0.327,0.05,0.098,,0.323,0.0,,,,Unknown,,,,,,,70.0,2023.0,True,,,,,2026-03-31
Sarvam M (Reasoning),sarvam-m-reasoning,Sarvam,sarvam,34ef2b5c-3df3-437e-b9c5-81346f8c14a8,8.4,7.5,,38.11,0.696,0.416,0.033,0.295,0.178,0.847,0.203,,,,Unknown,,,,,,,,,True,,,,,2026-03-31
Command-R+ (Apr '24),command-r-plus-04-2024,Cohere,cohere,76361085-f5dc-49ec-b069-fe56ca885933,8.3,,,18.94,0.432,0.323,0.045,0.122,0.118,0.279,0.007,3.0,15.0,6.0,Premium,,,,,,,104.0,2024.0,True,1.38,9.73,,,2026-03-31
DBRX Instruct,dbrx,Databricks,databricks,1cb96708-f6c1-4668-9804-5db6ecac01ed,8.3,,,18.77,0.397,0.331,0.066,0.093,0.118,0.279,0.03,,,,Unknown,,,,,,,,,True,,,,,2026-03-31
Exaone 4.0 1.2B (Reasoning),exaone-4-0-1-2b-reasoning,LG AI Research,lg,d734e2ce-5cf8-467f-8148-586d02671333,8.3,3.1,50.3,35.4,0.588,0.515,0.058,0.516,0.093,,,,,,Unknown,,,,,,,2.0,2025.0,True,,,,,2026-03-31
OpenChat 3.5 (1210),openchat-35,OpenChat,openchat,ec60e57e-76d3-42e3-a0e3-80662225a639,8.3,,,16.83,0.31,0.23,0.048,0.115,,0.307,0.0,,,,Unknown,,,,,,,,,True,,,,,2026-03-31
Olmo 3 7B Instruct,olmo-3-7b-instruct,Allen Institute for AI,ai2,8f74a6ed-f82f-4a2f-a96b-4914993e47da,8.2,3.4,41.3,26.98,0.522,0.4,0.058,0.266,0.103,,,0.1,0.2,0.125,Budget,,,,,,,7.0,,True,65.6,229.07,,,2026-03-31
LFM2.5-1.2B-Thinking,lfm2-5-1-2b-thinking,Liquid AI,liquidai,5a088cde-18e2-4dfa-98dd-d283e1c19654,8.1,1.4,,14.73,,0.339,0.061,,0.042,,,,,,Unknown,,,,,,,2.0,2025.0,True,,,,,2026-03-31
Jamba 1.7 Mini,jamba-1-7-mini,AI21 Labs,ai21-labs,b4f14013-37dd-4c75-bd8a-378365d9ed77,8.1,3.1,0.3,16.86,0.388,0.322,0.045,0.061,0.093,0.258,0.013,,,,Unknown,,,,,,,,2024.0,True,,,,,2026-03-31
Exaone 4.0 1.2B (Non-reasoning),exaone-4-0-1-2b,LG AI Research,lg,8273650d-40e5-45ee-aeda-df71de784164,8.1,2.5,24.0,26.98,0.5,0.424,0.058,0.293,0.074,,,,,,Unknown,,,,,,,2.0,2025.0,True,,,,,2026-03-31
LFM2 2.6B,lfm2-2-6b,Liquid AI,liquidai,739e531a-eb0a-478f-bb67-5845b79ce65d,8.0,1.4,8.3,15.24,0.298,0.306,0.052,0.081,0.025,,,,,,Unknown,,,,,,,6.0,2025.0,True,,,,,2026-03-31
Granite 4.0 H 1B,granite-4-0-h-nano-1b,IBM,ibm,dafbb6d2-4825-43d1-a927-feedcfd2e998,8.0,2.7,6.3,15.74,0.277,0.263,0.05,0.115,0.082,,,,,,Unknown,,,,,,,1.0,2026.0,True,,,,,2026-03-31
Qwen3 1.7B (Reasoning),qwen3-1.7b-instruct-reasoning,Alibaba,alibaba,5962d643-0a6f-4630-bb08-ab5720d80056,8.0,1.4,38.7,38.99,0.57,0.356,0.048,0.308,0.043,0.894,0.51,0.11,1.26,0.398,Budget,138.2,0.888,15.36,,,,1.7,2026.0,True,20.1,116.36,,347.23,2026-03-31
Jamba 1.5 Mini,jamba-1-5-mini,AI21 Labs,ai21-labs,540ebc58-a2d8-4dc9-ba6b-973efa52fab1,8.0,,,17.61,0.371,0.302,0.051,0.062,0.08,0.357,0.01,0.2,0.4,0.25,Budget,,,,,,,,2024.0,True,32.0,78.94,,,2026-03-31
LFM2.5-1.2B-Instruct,lfm2-5-1-2b-instruct,Liquid AI,liquidai,48194e0f-8226-4c57-8cb2-2a0fb68a84c9,8.0,0.8,,13.9,,0.326,0.068,,0.023,,,,,,Unknown,,,,,,,2.0,2025.0,True,,,,,2026-03-31
Jamba 1.6 Mini,jamba-1-6-mini,AI21 Labs,ai21-labs,e8ffd75b-766f-4551-8c52-6e54706220eb,7.9,,,16.79,0.367,0.3,0.046,0.071,0.101,0.257,0.033,0.2,0.4,0.25,Budget,181.26,0.64,0.64,,,,,2024.0,True,31.6,75.22,,725.06,2026-03-31
Granite 4.0 Micro,granite-4-0-micro,IBM,ibm,1fc32894-1060-493b-af94-62bb1068555e,7.7,5.0,6.0,22.66,0.447,0.336,0.051,0.18,0.119,,,,,,Unknown,,,,,,,,2026.0,True,,,,,2026-03-31
Apertus 70B Instruct,apertus-70b-instruct,Swiss AI Initiative,swiss-ai-initiative,49e70a38-4ac1-4659-b490-09b2c7ff21d6,7.7,1.9,,12.8,,0.272,0.055,,0.057,,,0.82,2.92,1.345,Mid,63.73,1.669,1.669,,,,70.0,,True,5.72,15.02,,47.38,2026-03-31
Gemma 3 270M,gemma-3-270m,Google,google,04781a0e-40f0-4e2a-a4e5-18e389364a79,7.7,0.0,2.3,6.48,0.055,0.224,0.042,0.003,0.0,,,,,,Unknown,,,,,,,,2025.0,True,,,,,2026-03-31
Mixtral 8x7B Instruct,mixtral-8x7b-instruct,Mistral,mistral,3edcb2ed-6981-4f88-a556-563f7f8f00aa,7.7,,,15.96,0.387,0.292,0.045,0.066,0.028,0.299,0.0,0.54,0.6,0.54,Mid,,,,,,,47.0,2024.0,True,14.26,36.96,,,2026-03-31
DeepHermes 3 - Llama-3.1 8B Preview (Non-reasoning),deephermes-3-llama-3-1-8b-preview,Nous Research,nous-research,b7726745-9c77-40c3-8452-974cb53d6fbc,7.6,,,15.31,0.365,0.27,0.043,0.085,0.091,0.218,0.0,,,,Unknown,,,,,,,8.0,2024.0,True,,,,,2026-03-31
Claude Instant,claude-instant,Anthropic,anthropic,83cb898e-05d9-4e4b-9de3-2d305014d923,7.4,7.8,,19.58,0.434,0.33,0.038,0.109,,0.264,0.0,,,,Unknown,,,,,,,,,False,,,,,2026-03-31
Mistral 7B Instruct,mistral-7b-instruct,Mistral,mistral,217b34ec-5920-4fc1-8886-6a70a324837d,7.4,,,9.37,0.245,0.177,0.043,0.046,0.024,0.121,0.0,0.25,0.25,0.25,Budget,202.72,0.268,0.268,,,,7.0,,True,29.6,42.0,,810.89,2026-03-31
Llama 65B,llama-65b,Meta,meta,fe11ab6c-a4dd-4c28-9fef-07da76d5ed14,7.4,,,,,,,,,,,,,,Unknown,,,,,,,65.0,,True,,,,,2026-03-31
Command-R (Mar '24),command-r-03-2024,Cohere,cohere,abe9f0c7-f4f6-430d-ba42-f45afdd4841b,7.4,,,13.59,0.338,0.284,0.048,0.048,0.062,0.164,0.007,0.5,1.5,0.75,Mid,,,,,,,35.0,2024.0,True,9.87,24.28,,,2026-03-31
Qwen Chat 14B,qwen-chat-14b,Alibaba,alibaba,c43aa1f9-31bd-4a99-be70-84c5e6bd2e75,7.4,,,,,,,,,,,,,,Unknown,,,,,,,14.0,,True,,,,,2026-03-31
Molmo2-8B,molmo2-8b,Allen Institute for AI,ai2,3ef6db79-1dfa-4780-8c4b-affe2740d9ac,7.3,4.4,,20.07,,0.425,0.044,,0.133,,,,,,Unknown,,,,,,,8.0,,True,,,,,2026-03-31
Granite 4.0 1B,granite-4-0-nano-1b,IBM,ibm,a2c8e7b2-57bf-4d1e-96ea-7944d786d94d,7.3,2.9,6.3,15.82,0.325,0.281,0.051,0.047,0.087,,,,,,Unknown,,,,,,,1.0,2026.0,True,,,,,2026-03-31
Granite 3.3 8B (Non-reasoning),granite-3-3-8b-instruct,IBM,ibm,2cff73da-4855-403c-afc9-5540feadcc15,7.0,3.4,6.7,25.54,0.468,0.338,0.042,0.127,0.101,0.665,0.047,0.03,0.25,0.085,Budget,529.99,8.108,8.108,,,,8.0,2025.0,True,82.35,313.1,,6235.22,2026-03-31
LFM2 8B A1B,lfm2-8b-a1b,Liquid AI,liquidai,686ab020-ee58-4a70-a9ac-24d675a73506,7.0,2.3,25.3,22.34,0.505,0.344,0.049,0.151,0.068,,,,,,Unknown,,,,,,,8.0,2025.0,True,,,,,2026-03-31
Qwen3 1.7B (Non-reasoning),qwen3-1.7b-instruct,Alibaba,alibaba,2bb84433-f38e-4edc-9b65-4d7b1f473db9,6.8,2.3,7.3,25.07,0.411,0.283,0.052,0.126,0.069,0.717,0.097,0.11,0.42,0.188,Budget,138.62,0.888,0.888,,,,1.7,2026.0,True,36.17,145.53,,737.32,2026-03-31
Qwen3 0.6B (Reasoning),qwen3-0.6b-instruct-reasoning,Alibaba,alibaba,4ae6c88d-9e4a-4850-89fe-18a1c04a66cc,6.5,0.9,18.0,23.46,0.347,0.239,0.057,0.121,0.028,0.75,0.1,0.11,1.26,0.398,Budget,204.72,0.87,10.639,,,,0.6,2026.0,True,16.33,70.01,,514.36,2026-03-31
Gemma 3n E4B Instruct,gemma-3n-e4b,Google,google,a797eaf3-6d75-4f29-86a8-e1243ce52d43,6.4,4.2,14.3,28.04,0.488,0.296,0.044,0.146,0.081,0.771,0.137,0.02,0.04,0.025,Budget,24.84,0.347,0.347,,,,4.0,2025.0,True,256.0,1135.68,,993.44,2026-03-31
Llama 3 Instruct 8B,llama-3-instruct-8b,Meta,meta,82879bb8-89fb-4adc-b519-315b8ef30b77,6.4,4.0,,20.94,0.405,0.296,0.051,0.096,0.119,0.499,0.0,0.045,0.145,0.07,Budget,82.64,0.37,0.37,,,,8.0,2024.0,True,91.43,309.54,,1180.59,2026-03-31
Llama 3.2 Instruct 1B,llama-3-2-instruct-1b,Meta,meta,80f7860a-7665-4658-9f05-15bccf5f832f,6.3,0.6,0.0,8.93,0.2,0.196,0.053,0.019,0.017,0.14,0.0,0.1,0.1,0.1,Budget,150.19,0.539,0.539,,,,1.0,2024.0,True,63.0,93.68,,1501.93,2026-03-31
Gemma 3 4B Instruct,gemma-3-4b,Google,google,222fb320-6e55-4672-846a-b6d5a24a45f4,6.3,2.9,12.7,25.34,0.417,0.291,0.052,0.112,0.073,0.766,0.063,0.0,0.0,0.0,Free,34.83,1.07,1.07,,,,4.0,2025.0,True,,,,,2026-03-31
LFM2 1.2B,lfm2-1-2b,Liquid AI,liquidai,0faadeeb-320c-45cf-9c76-5f8768f342e6,6.3,0.8,3.3,11.74,0.257,0.228,0.057,0.02,0.025,,,,,,Unknown,,,,,,,2.0,2025.0,True,,,,,2026-03-31
LFM2.5-VL-1.6B,lfm2-5-vl-1-6b,Liquid AI,liquidai,3c5289e5-1c62-434c-bc44-c51c39f640a1,6.2,1.0,,12.33,,0.289,0.051,,0.03,,,,,,Unknown,,,,,,,6.0,2025.0,True,,,,,2026-03-31
Granite 4.0 350M,granite-4-0-350m,IBM,ibm,54c7f3fc-7078-442a-b472-e8691257a88c,6.1,0.3,0.0,9.5,0.124,0.261,0.057,0.024,0.009,,,,,,Unknown,,,,,,,,2026.0,True,,,,,2026-03-31
Apertus 8B Instruct,apertus-8b-instruct,Swiss AI Initiative,swiss-ai-initiative,891bcdf2-8dd2-4dc3-829b-d963fde25876,5.9,1.4,,11.57,,0.256,0.05,,0.041,,,0.1,0.2,0.125,Budget,6.46,4.024,4.024,,,,8.0,,True,47.2,98.2,,51.65,2026-03-31
Qwen3 0.6B (Non-reasoning),qwen3-0.6b-instruct,Alibaba,alibaba,0e5f6140-1154-4583-a3e0-8c032a338892,5.7,1.4,10.3,16.66,0.231,0.231,0.052,0.073,0.041,0.521,0.017,0.11,0.42,0.188,Budget,209.01,0.851,0.851,,,,0.6,2026.0,True,30.32,96.69,,1111.74,2026-03-31
Gemma 3 1B Instruct,gemma-3-1b,Google,google,d1720545-d0a8-4c15-a53e-ef5ca99ac7ea,5.5,0.2,3.3,13.31,0.135,0.237,0.052,0.017,0.007,0.484,0.0,0.0,0.0,0.0,Free,47.27,0.571,0.571,,,,1.0,2025.0,True,,,,,2026-03-31
Granite 4.0 H 350M,granite-4-0-h-350m,IBM,ibm,a68afa0b-7fe2-4e9d-bf3e-741cce3c6aeb,5.4,0.6,1.3,9.68,0.127,0.257,0.064,0.019,0.017,,,,,,Unknown,,,,,,,,2026.0,True,,,,,2026-03-31
Gemma 3n E2B Instruct,gemma-3n-e2b,Google,google,a8c67863-9d66-44dd-8d27-f58654ecde03,4.8,2.2,10.3,22.5,0.378,0.229,0.04,0.095,0.052,0.691,0.09,0.0,0.0,0.0,Free,47.42,0.388,0.388,,,,2.0,2025.0,True,,,,,2026-03-31
Tiny Aya Global,tiny-aya-global,Cohere,cohere,81444bc8-72f9-4a2d-ad43-27e3f0d2f461,4.7,1.2,,13.1,,0.305,0.052,,0.036,,,,,,Unknown,,,,,,,,,True,,,,,2026-03-31
GPT-5.4 Pro (xhigh),gpt-5-4-pro,OpenAI,openai,5bb1f426-2d64-4d03-99fb-8041ee85c33b,,,,,,,,,,,,30.0,180.0,67.5,Ultra,,,,,,,500.0,2026.0,False,,,,,2026-03-31
Gemini 3 Deep Think,gemini-3-deep-think,Google,google,a5092ece-d5a7-461f-b036-3faef262423f,,,,,,,,,,,,,,,Unknown,,,,,,,,2026.0,False,,,,,2026-03-31
Cogito v2.1 (Reasoning),cogito-v2-1-reasoning,Deep Cogito,deepcogito,ea5d2c10-1051-437d-95c2-18d5e4d14ff3,,24.8,72.7,56.5,0.849,0.768,0.11,0.688,0.41,,,1.25,1.25,1.25,Mid,92.54,0.274,21.885,,,,,,True,,69.67,,74.03,2026-03-31
Mi:dm K 2.5 Pro Preview,midm-250-pro-rsnsft,Korea Telecom,korea-telecom,e0099b99-d368-4562-b0de-4016ea58af54,,11.9,78.7,49.92,0.813,0.722,0.088,0.576,0.297,,,,,,Unknown,,,,,,,,,True,,,,,2026-03-31
GPT-4o Realtime (Dec '24),gpt-4o-realtime-dec-2024,OpenAI,openai,e2e9ddc3-8c2d-4bf5-a60a-83a1afe61034,,,,,,,,,,,,,,,Unknown,,,,,,,200.0,2024.0,False,,,,,2026-03-31
GPT-3.5 Turbo (0613),gpt-3-5-turbo-0613,OpenAI,openai,8b1a70d1-e05f-426b-9122-023d4629ab47,,,,,,,,,,,,,,,Unknown,,,,,,,,,False,,,,,2026-03-31
GPT-4o mini Realtime (Dec '24),gpt-4o-mini-realtime-dec-2024,OpenAI,openai,4343afb1-c928-44c9-92e2-68fa1195b6f5,,,,,,,,,,,,,,,Unknown,,,,,,,8.0,2025.0,False,,,,,2026-03-31
